"","playerID","yearID","stint","teamID","lgID","G","AB","R","H","2B","3B","HR","RBI","SB","CS","BB","SO","IBB","HBP","SH","SF","GIDP"
"1","aasedo01",1980,1,"CAL","AL",40,0,0,0,0,0,0,0,0,0,0,0,"0","0","0","0","0"
"2","abbotgl01",1980,1,"SEA","AL",31,0,0,0,0,0,0,0,0,0,0,0,"0","0","0","0","0"
"3","adamsgl01",1980,1,"MIN","AL",99,262,32,75,11,2,6,38,2,4,15,26,"1","0","6","4","11"
"4","aguaylu01",1980,1,"PHI","NL",20,47,7,13,1,2,1,8,1,1,2,3,"0","0","0","1","0"
"5","aikenwi01",1980,1,"KCA","AL",151,543,70,151,24,0,20,98,1,0,64,88,"3","7","0","9","23"
"6","aingeda01",1980,1,"TOR","AL",38,111,11,27,6,1,0,4,3,0,2,29,"0","1","1","0","3"
"7","alexado01",1980,1,"ATL","NL",35,83,7,15,3,0,0,3,0,0,3,24,"0","0","3","0","1"
"8","alexaga01",1980,1,"CLE","AL",76,178,22,40,7,1,5,31,0,4,17,52,"1","0","0","3","9"
"9","alexama01",1980,1,"PIT","NL",37,3,13,1,1,0,0,0,10,3,0,0,"0","0","0","0","0"
"10","allarbr01",1980,1,"TEX","AL",5,0,0,0,0,0,0,0,0,0,0,0,"0","0","0","0","0"
"11","allenga01",1980,1,"BOS","AL",36,70,9,25,6,0,0,10,2,2,13,11,"0","0","1","1","1"
"12","allenki01",1980,1,"SEA","AL",23,51,9,12,3,0,0,3,10,3,8,3,"2","1","2","0","1"
"13","allenne01",1980,1,"NYN","NL",59,14,0,2,0,0,0,0,0,0,1,7,"0","0","1","0","0"
"14","almonbi01",1980,1,"MON","NL",18,38,2,10,1,1,0,3,0,0,1,5,"0","0","0","1","2"
"15","almonbi01",1980,2,"NYN","NL",48,112,13,19,3,2,0,4,2,0,8,27,"1","0","0","0","0"
"16","alstode01",1980,1,"CLE","AL",52,54,11,12,1,2,0,9,2,4,5,7,"2","2","1","2","1"
"17","anderji01",1980,1,"SEA","AL",116,317,46,72,7,0,8,30,2,4,27,39,"1","3","6","2","5"
"18","anderri01",1980,1,"SEA","AL",5,0,0,0,0,0,0,0,0,0,0,0,"0","0","0","0","0"
"19","andujjo01",1980,1,"HOU","NL",35,29,3,5,0,1,1,3,0,0,3,16,"0","0","5","0","1"
"20","apontlu01",1980,1,"BOS","AL",4,0,0,0,0,0,0,0,0,0,0,0,"0","0","0","0","0"
"21","armasto01",1980,1,"OAK","AL",158,628,87,175,18,8,35,109,5,3,29,128,"4","2","2","5","22"
"22","armstmi01",1980,1,"SDN","NL",11,3,0,0,0,0,0,0,0,0,0,3,"0","0","0","0","0"
"23","arroyfe01",1980,1,"MIN","AL",21,0,0,0,0,0,0,0,0,0,0,0,"0","0","0","0","0"
"24","ashbyal01",1980,1,"HOU","NL",116,352,30,90,19,2,3,48,0,0,35,40,"12","0","2","5","11"
"25","ashfotu01",1980,1,"TEX","AL",15,32,2,4,0,0,0,3,0,0,3,3,"0","0","0","0","1"
"26","asselbr01",1980,1,"ATL","NL",87,218,18,62,13,1,3,25,1,3,11,37,"3","1","2","3","9"
"27","auerbri01",1980,1,"CIN","NL",24,33,5,11,1,1,1,4,0,3,3,5,"0","0","1","0","0"
"28","augusje01",1980,1,"ML4","AL",39,0,0,0,0,0,0,0,0,0,0,0,"0","0","0","0","0"
"29","aultdo01",1980,1,"TOR","AL",64,144,12,28,5,1,3,15,0,1,14,23,"0","2","0","1","3"
"30","avilera01",1980,1,"PHI","NL",51,101,12,28,6,0,2,9,0,0,10,9,"2","0","2","2","3"
"31","ayalabe01",1980,1,"BAL","AL",76,170,28,45,8,1,10,33,0,0,19,21,"3","0","0","2","4"
"32","babcobo01",1980,1,"TEX","AL",19,0,0,0,0,0,0,0,0,0,0,0,"0","0","0","0","0"
"33","backmwa01",1980,1,"NYN","NL",27,93,12,30,1,1,0,9,2,3,11,14,"1","1","4","1","3"
"34","bacsimi01",1980,1,"MIN","AL",10,0,0,0,0,0,0,0,0,0,0,0,"0","0","0","0","0"
"35","bahnsst01",1980,1,"MON","NL",57,9,1,1,1,0,0,0,0,0,4,3,"0","0","0","0","1"
"36","bailobo01",1980,1,"TOR","AL",117,347,44,82,14,2,1,16,12,8,36,33,"3","2","2","1","5"
"37","baineha01",1980,1,"CHA","AL",141,491,55,125,23,6,13,49,2,4,19,65,"7","1","2","5","15"
"38","bairdo01",1980,1,"CIN","NL",61,2,0,0,0,0,0,0,0,0,0,1,"0","0","0","0","0"
"39","bakerch02",1980,1,"SDN","NL",9,22,0,3,1,0,0,0,0,0,0,4,"0","0","0","0","0"
"40","bakerdu01",1980,1,"LAN","NL",153,579,80,170,26,4,29,97,12,10,43,66,"4","3","1","12","11"
"41","bandosa01",1980,1,"ML4","AL",78,254,28,50,12,1,5,31,5,3,29,35,"2","1","3","4","7"
"42","bannial01",1980,1,"CHA","AL",45,130,16,25,6,0,0,9,5,2,12,16,"5","0","3","1","3"
"43","bannial01",1980,2,"CLE","AL",81,262,41,86,17,4,1,32,9,2,28,25,"1","0","3","4","6"
"44","bannifl01",1980,1,"SEA","AL",32,0,0,0,0,0,0,0,0,0,0,0,"0","0","0","0","0"
"45","barkele01",1980,1,"CLE","AL",36,0,0,0,0,0,0,0,0,0,0,0,"0","0","0","0","0"
"46","barlomi01",1980,1,"TOR","AL",40,0,0,0,0,0,0,0,0,0,0,0,"0","0","0","0","0"
"47","barrage01",1980,1,"KCA","AL",7,0,3,0,0,0,0,0,0,0,0,0,"0","0","0","0","0"
"48","barrifr01",1980,1,"CHA","AL",3,0,0,0,0,0,0,0,0,0,0,0,"0","0","0","0","0"
"49","barrji01",1980,1,"CAL","AL",24,0,0,0,0,0,0,0,0,0,0,0,"0","0","0","0","0"
"50","bassra01",1980,1,"SDN","NL",19,49,5,14,0,1,3,8,0,0,7,7,"1","1","0","0","0"
"51","baumgro01",1980,1,"CHA","AL",24,0,0,0,0,0,0,0,0,0,0,0,"0","0","0","0","0"
"52","baylodo01",1980,1,"CAL","AL",90,340,39,85,12,2,5,51,6,6,24,32,"4","11","0","5","9"
"53","beallbo01",1980,1,"PIT","NL",3,3,0,0,0,0,0,0,0,0,0,1,"0","0","0","0","0"
"54","beardda01",1980,1,"OAK","AL",13,0,0,0,0,0,0,0,0,0,0,0,"0","0","0","0","0"
"55","beattji01",1980,1,"SEA","AL",33,0,0,0,0,0,0,0,0,0,0,0,"0","0","0","0","0"
"56","beckwjo01",1980,1,"LAN","NL",38,2,0,0,0,0,0,0,0,0,1,1,"0","0","0","0","0"
"57","belanma01",1980,1,"BAL","AL",113,268,37,61,7,3,0,22,6,3,12,25,"0","0","11","0","1"
"58","bellbu01",1980,1,"TEX","AL",129,490,76,161,24,4,17,83,3,1,40,39,"11","0","4","0","16"
"59","bellke01",1980,1,"CHA","AL",92,191,16,34,5,2,1,11,0,0,29,37,"1","0","2","2","3"
"60","benchjo01",1980,1,"CIN","NL",114,360,52,90,12,0,24,68,4,2,41,64,"2","2","0","4","9"
"61","benedbr01",1980,1,"ATL","NL",120,359,18,91,14,1,2,34,3,3,28,36,"8","1","13","1","11"
"62","beniqju01",1980,1,"SEA","AL",70,237,26,54,10,0,6,21,2,3,17,25,"0","0","3","1","10"
"63","bentobu01",1980,1,"NYN","NL",12,21,0,1,0,0,0,0,0,0,2,4,"0","1","0","0","1"
"64","berenbr01",1980,1,"CIN","NL",6,7,1,0,0,0,0,0,0,0,0,2,"0","0","4","0","0"
"65","berenju01",1980,1,"NYN","NL",6,0,0,0,0,0,0,0,0,0,0,0,"0","0","0","0","0"
"66","bergmda01",1980,1,"HOU","NL",90,78,12,20,6,1,0,3,1,0,10,10,"2","0","3","0","1"
"67","bernato01",1980,1,"MON","NL",82,183,26,41,7,1,5,18,9,2,17,41,"4","0","1","1","3"
"68","berrada01",1980,1,"PIT","NL",93,245,21,54,8,2,6,31,2,0,16,52,"6","1","4","2","6"
"69","bevacku01",1980,1,"SDN","NL",62,71,4,19,6,1,0,12,1,1,6,1,"0","0","1","1","1"
"70","bevacku01",1980,2,"PIT","NL",22,43,1,7,1,0,0,4,0,0,6,7,"0","1","0","0","2"
"71","bibbyji01",1980,1,"PIT","NL",35,77,6,12,3,0,1,7,0,0,6,32,"0","1","10","1","1"
"72","biittla01",1980,1,"CHN","NL",127,273,21,68,12,2,1,34,1,3,18,33,"2","2","0","6","6"
"73","billija01",1980,1,"DET","AL",8,0,0,0,0,0,0,0,0,0,0,0,"0","0","0","0","0"
"74","billija01",1980,2,"BOS","AL",7,0,0,0,0,0,0,0,0,0,0,0,"0","0","0","0","0"
"75","birddo01",1980,1,"NYA","AL",22,0,0,0,0,0,0,0,0,0,0,0,"0","0","0","0","0"
"76","blackti01",1980,1,"CHN","NL",103,320,24,87,16,4,5,30,0,1,41,62,"6","0","2","3","5"
"77","blairde01",1980,1,"SDN","NL",5,5,0,1,0,0,0,0,0,0,0,2,"0","0","0","0","0"
"78","blairpa01",1980,1,"NYA","AL",12,2,2,0,0,0,0,0,0,0,0,0,"0","0","0","0","0"
"79","blankla01",1980,1,"ATL","NL",88,221,23,45,6,0,2,12,1,2,16,27,"1","0","4","2","6"
"80","bluevi01",1980,1,"SFN","NL",31,68,3,5,1,0,0,1,0,0,3,34,"0","0","7","1","0"
"81","blylebe01",1980,1,"PIT","NL",37,61,0,5,1,0,0,2,0,0,0,27,"0","1","9","0","1"
"82","bochtbr01",1980,1,"SEA","AL",148,520,62,156,34,4,13,78,2,3,72,81,"13","0","4","7","16"
"83","bochybr01",1980,1,"HOU","NL",22,22,0,4,1,0,0,0,0,0,5,7,"1","1","0","0","0"
"84","boddimi01",1980,1,"BAL","AL",1,0,0,0,0,0,0,0,0,0,0,0,"0","0","0","0","0"
"85","boggsto01",1980,1,"ATL","NL",32,63,2,10,0,0,0,2,0,0,0,22,"0","0","6","1","3"
"86","boitada01",1980,1,"ML4","AL",11,0,0,0,0,0,0,0,0,0,0,0,"0","0","0","0","0"
"87","bombama01",1980,1,"NYN","NL",36,43,5,10,3,0,0,5,0,0,3,15,"0","2","5","0","0"
"88","bondsbo01",1980,1,"SLN","NL",86,231,37,47,5,3,5,24,15,5,33,74,"3","2","1","3","4"
"89","bonhabi01",1980,1,"CIN","NL",4,6,1,0,0,0,0,0,0,0,1,1,"0","0","0","0","0"
"90","bonneba01",1980,1,"TOR","AL",130,463,55,124,22,4,13,56,3,4,37,59,"2","2","3","4","14"
"91","bonnebo01",1980,1,"BAL","AL",4,4,1,0,0,0,0,1,0,0,0,0,"0","0","0","0","0"
"92","boonebo01",1980,1,"PHI","NL",141,480,34,110,23,1,9,55,3,4,48,41,"12","1","4","2","9"
"93","borbope01",1980,1,"SLN","NL",10,4,0,1,0,0,0,1,0,0,0,2,"0","0","0","0","0"
"94","bordiri01",1980,1,"OAK","AL",1,0,0,0,0,0,0,0,0,0,0,0,"0","0","0","0","0"
"95","bordlbi01",1980,1,"SFN","NL",8,6,0,1,0,0,0,0,0,0,1,1,"0","0","2","0","0"
"96","borgmgl01",1980,1,"CHA","AL",32,87,10,19,2,0,2,14,0,0,14,9,"0","0","0","2","1"
"97","bosetri01",1980,1,"TOR","AL",53,188,24,40,7,1,4,18,4,6,15,29,"1","2","1","1","2"
"98","bosleth01",1980,1,"CHA","AL",70,147,12,33,2,0,2,14,3,2,10,27,"3","0","4","1","5"
"99","bottira01",1980,1,"CAL","AL",6,0,0,0,0,0,0,0,0,0,0,0,"0","0","0","0","0"
"100","bourjch01",1980,1,"SFN","NL",13,22,4,5,1,0,1,2,0,0,2,7,"0","0","0","0","1"
"101","bowala01",1980,1,"PHI","NL",147,540,57,144,16,4,2,39,21,6,24,28,"7","3","7","3","9"
"102","bowensa02",1980,1,"BOS","AL",7,13,0,2,0,0,0,0,1,0,2,3,"0","0","0","0","0"
"103","bradfla01",1980,1,"ATL","NL",56,3,0,0,0,0,0,0,0,0,0,1,"0","0","0","0","1"
"104","brantma01",1980,1,"NYA","AL",3,6,0,0,0,0,0,0,0,0,0,3,"0","0","0","0","0"
"105","braunst01",1980,1,"KCA","AL",14,23,0,1,0,0,0,1,0,0,2,2,"0","0","0","0","0"
"106","braunst01",1980,2,"TOR","AL",37,55,4,15,2,0,1,9,0,0,8,5,"1","0","0","0","2"
"107","breinfr01",1980,1,"SFN","NL",5,0,0,0,0,0,0,0,0,0,0,0,"0","0","0","0","0"
"108","brettge01",1980,1,"KCA","AL",117,449,87,175,33,9,24,118,15,6,58,22,"16","1","0","7","11"
"109","brettke01",1980,1,"KCA","AL",8,0,0,0,0,0,0,0,0,0,0,0,"0","0","0","0","0"
"110","brohaja01",1980,1,"BOS","AL",21,57,5,18,2,0,1,6,0,0,4,3,"0","0","1","0","2"
"111","brohaja01",1980,2,"CLE","AL",53,142,13,32,5,1,1,15,0,1,14,6,"4","0","3","2","5"
"112","brookhu01",1980,1,"NYN","NL",24,81,8,25,2,1,1,10,1,1,5,9,"0","2","1","0","1"
"113","brookto01",1980,1,"DET","AL",151,509,64,140,25,9,10,66,13,11,32,71,"3","1","2","7","10"
"114","brouhma01",1980,1,"ML4","AL",45,125,17,29,6,0,5,16,1,0,7,24,"0","1","0","0","3"
"115","brownbo04",1980,1,"NYA","AL",137,412,65,107,12,5,14,47,27,8,29,82,"4","0","2","3","8"
"116","brusswa01",1980,1,"PHI","NL",26,1,0,0,0,0,0,0,0,0,0,1,"0","0","0","0","0"
"117","bucknbi01",1980,1,"CHN","NL",145,578,69,187,41,3,10,68,1,2,30,18,"11","0","0","6","13"
"118","bumbral01",1980,1,"BAL","AL",160,645,118,205,29,9,9,53,44,11,78,75,"8","3","9","3","9"
"119","burgmto01",1980,1,"BOS","AL",62,0,0,0,0,0,0,0,0,0,0,0,"0","0","0","0","0"
"120","burleri01",1980,1,"BOS","AL",155,644,89,179,29,2,8,51,12,13,62,51,"0","2","6","4","24"
"121","burnsbr01",1980,1,"CHA","AL",34,0,0,0,0,0,0,0,0,0,0,0,"0","0","0","0","0"
"122","burnssh01",1980,1,"CIN","NL",7,1,0,0,0,0,0,0,0,0,0,1,"0","0","0","0","0"
"123","burrira01",1980,1,"NYN","NL",29,51,1,5,0,0,0,0,0,1,2,18,"0","0","3","0","0"
"124","burroje01",1980,1,"ATL","NL",99,278,35,73,14,0,13,51,1,1,35,57,"6","2","1","2","4"
"125","busbyst01",1980,1,"KCA","AL",11,0,0,0,0,0,0,0,0,0,0,0,"0","0","0","0","0"
"126","busketo01",1980,1,"TOR","AL",33,0,0,0,0,0,0,0,0,0,0,0,"0","0","0","0","0"
"127","butchjo01",1980,1,"TEX","AL",6,0,0,0,0,0,0,0,0,0,0,0,"0","0","0","0","0"
"128","butersa01",1980,1,"MIN","AL",34,85,4,23,1,0,0,2,0,0,3,6,"0","1","1","1","4"
"129","bystrma01",1980,1,"PHI","NL",6,14,1,1,0,0,0,1,0,0,1,9,"0","0","0","0","0"
"130","cabelen01",1980,1,"HOU","NL",152,604,69,167,23,8,2,55,21,13,26,84,"6","1","1","5","13"
"131","caldwmi01",1980,1,"ML4","AL",34,0,0,0,0,0,0,0,0,0,0,0,"0","0","0","0","0"
"132","camacer01",1980,1,"OAK","AL",5,0,0,0,0,0,0,0,0,0,0,0,"0","0","0","0","0"
"133","campabe01",1980,1,"CAL","AL",77,210,32,53,8,1,2,18,10,5,14,33,"0","1","7","2","4"
"134","campbbi02",1980,1,"BOS","AL",23,0,0,0,0,0,0,0,0,0,0,0,"0","0","0","0","0"
"135","campri01",1980,1,"ATL","NL",77,9,0,1,1,0,0,0,0,0,0,6,"0","0","0","0","0"
"136","candejo01",1980,1,"PIT","NL",35,77,5,15,3,0,0,7,0,0,4,14,"0","0","3","1","2"
"137","cannojo01",1980,1,"TOR","AL",70,50,16,4,0,0,0,4,2,2,0,14,"0","1","0","0","0"
"138","capildo01",1980,1,"CHN","NL",40,21,1,4,0,1,0,1,0,0,0,9,"0","0","1","0","1"
"139","carbobe01",1980,1,"SLN","NL",14,11,0,2,0,0,0,0,0,0,1,0,"0","0","1","0","0"
"140","carbobe01",1980,2,"PIT","NL",7,6,0,2,0,0,0,1,0,0,1,1,"0","0","0","0","0"
"141","cardejo02",1980,1,"NYN","NL",26,42,4,7,1,0,0,4,0,1,6,4,"0","0","0","1","3"
"142","cardejo02",1980,2,"KCA","AL",25,53,8,18,2,0,0,5,0,0,5,5,"0","0","0","3","0"
"143","carewro01",1980,1,"CAL","AL",144,540,74,179,34,7,3,59,23,15,59,38,"7","1","9","3","15"
"144","carltst01",1980,1,"PHI","NL",38,101,7,19,1,0,0,6,0,0,1,21,"0","0","6","3","4"
"145","cartega01",1980,1,"MON","NL",154,549,76,145,25,5,29,101,3,2,58,78,"11","1","1","8","9"
"146","cashda01",1980,1,"SDN","NL",130,397,25,90,14,2,1,23,6,5,35,21,"5","0","2","3","16"
"147","castibo01",1980,1,"LAN","NL",62,9,0,1,0,0,0,0,0,0,0,4,"0","0","1","0","0"
"148","castijo01",1980,1,"MIN","AL",150,546,67,165,17,7,13,64,7,5,29,67,"1","0","21","3","15"
"149","castima01",1980,1,"KCA","AL",7,10,1,2,0,0,0,0,0,0,0,0,"0","0","0","0","0"
"150","castrbi01",1980,1,"ML4","AL",56,0,0,0,0,0,0,0,0,0,0,0,"0","0","0","0","0"
"151","caudibi01",1980,1,"CHN","NL",72,9,0,2,1,0,0,1,0,0,0,2,"0","0","1","0","1"
"152","cedence01",1980,1,"HOU","NL",137,499,71,154,32,8,10,73,48,15,66,72,"11","1","1","2","13"
"153","ceronri01",1980,1,"NYA","AL",147,519,70,144,30,4,14,85,1,3,32,56,"2","6","8","10","14"
"154","ceyro01",1980,1,"LAN","NL",157,551,81,140,25,0,28,77,2,2,69,92,"5","5","4","1","16"
"155","chalkda01",1980,1,"KCA","AL",69,167,19,42,10,1,1,20,1,1,18,27,"0","2","0","3","5"
"156","chambch01",1980,1,"ATL","NL",158,602,83,170,37,2,18,72,7,3,49,73,"6","4","2","4","11"
"157","chambcr01",1980,1,"KCA","AL",5,0,0,0,0,0,0,0,0,0,0,0,"0","0","0","0","0"
"158","chappha01",1980,1,"CHA","AL",26,50,6,8,2,0,0,2,0,2,4,10,"0","1","1","0","0"
"159","charbjo01",1980,1,"CLE","AL",131,453,76,131,17,2,23,87,2,4,49,70,"0","3","1","6","24"
"160","chrisga01",1980,1,"KCA","AL",24,0,0,0,0,0,0,0,0,0,0,0,"0","0","0","0","0"
"161","chrisla01",1980,1,"PHI","NL",14,19,6,7,0,0,1,4,0,0,3,9,"0","0","3","0","0"
"162","clancji01",1980,1,"TOR","AL",34,0,0,0,0,0,0,0,0,0,0,0,"0","0","0","0","0"
"163","clarkbo04",1980,1,"CAL","AL",78,261,26,60,10,1,5,23,0,1,11,42,"0","2","1","0","7"
"164","clarkja01",1980,1,"SFN","NL",127,437,77,124,20,8,22,82,2,5,74,52,"13","2","1","10","12"
"165","clayke01",1980,1,"TEX","AL",8,0,0,0,0,0,0,0,0,0,0,0,"0","0","0","0","0"
"166","clearma01",1980,1,"CAL","AL",58,0,0,0,0,0,0,0,0,0,0,0,"0","0","0","0","0"
"167","clevere01",1980,1,"ML4","AL",45,0,0,0,0,0,0,0,0,0,0,0,"0","0","0","0","0"
"168","clibust01",1980,1,"CAL","AL",54,56,7,10,2,0,2,6,0,0,3,9,"0","0","0","1","1"
"169","collida02",1980,1,"CIN","NL",144,551,94,167,20,4,3,35,79,21,53,68,"2","3","3","3","5"
"170","collido01",1980,1,"CLE","AL",4,0,0,0,0,0,0,0,0,0,0,0,"0","0","0","0","0"
"171","combege01",1980,1,"CIN","NL",4,0,0,0,0,0,0,0,0,0,0,0,"0","0","0","0","0"
"172","comerst01",1980,1,"TEX","AL",12,0,0,0,0,0,0,0,0,0,0,0,"0","0","0","0","0"
"173","conceda01",1980,1,"CIN","NL",156,622,72,162,31,8,5,77,12,2,37,107,"2","1","2","6","20"
"174","conceon01",1980,1,"KCA","AL",12,15,1,2,0,0,0,2,0,0,0,1,"0","0","0","0","1"
"175","contrna01",1980,1,"CHA","AL",8,0,0,0,0,0,0,0,0,0,0,0,"0","0","0","0","0"
"176","coopece01",1980,1,"ML4","AL",153,622,96,219,33,4,25,122,17,6,39,42,"15","2","7","8","16"
"177","coopega01",1980,1,"ATL","NL",21,2,3,0,0,0,0,0,2,1,0,1,"0","0","0","0","0"
"178","corbedo01",1980,1,"MIN","AL",73,0,0,0,0,0,0,0,0,0,0,0,"0","0","0","0","0"
"179","corcoti01",1980,1,"DET","AL",84,153,20,44,7,1,3,18,0,2,22,10,"2","1","0","1","4"
"180","coreyma01",1980,1,"BAL","AL",36,36,7,10,2,0,1,2,0,1,5,7,"0","0","0","0","0"
"181","correvi01",1980,1,"CIN","NL",10,19,1,8,1,0,0,3,0,0,0,2,"0","0","0","0","0"
"182","coseyra01",1980,1,"OAK","AL",9,9,0,1,0,0,0,0,0,0,0,0,"0","0","0","0","0"
"183","cowenal01",1980,1,"CAL","AL",34,119,11,27,5,0,1,17,1,2,12,21,"1","1","0","0","2"
"184","cowenal01",1980,2,"DET","AL",108,403,58,113,15,3,5,42,5,6,37,40,"4","1","7","4","6"
"185","coxje01",1980,1,"OAK","AL",59,169,20,36,3,0,0,9,8,5,14,23,"0","0","11","0","2"
"186","coxla01",1980,1,"SEA","AL",105,243,18,49,6,2,4,20,1,2,19,36,"0","0","9","0","9"
"187","coxte02",1980,1,"SEA","AL",83,247,17,60,9,0,2,23,0,0,19,25,"3","0","1","2","8"
"188","craigro02",1980,1,"SEA","AL",70,240,30,57,15,1,3,20,3,6,17,35,"3","2","5","0","5"
"189","crawfst01",1980,1,"BOS","AL",6,0,0,0,0,0,0,0,0,0,0,0,"0","0","0","0","0"
"190","cromawa01",1980,1,"MON","NL",162,597,74,172,33,5,14,70,8,8,51,64,"24","2","4","3","24"
"191","crowlte01",1980,1,"BAL","AL",92,233,33,67,8,0,12,50,0,0,29,21,"2","0","2","2","8"
"192","cruzhe01",1980,1,"CIN","NL",52,75,5,16,4,1,1,5,0,0,8,16,"1","0","0","0","1"
"193","cruzjo01",1980,1,"HOU","NL",160,612,79,185,29,7,11,91,36,11,60,66,"13","0","0","8","11"
"194","cruzju01",1980,1,"SEA","AL",119,422,66,88,9,3,2,16,45,7,59,49,"0","1","13","2","6"
"195","cruzto02",1980,1,"CAL","AL",18,40,5,11,3,0,1,5,0,0,5,8,"1","0","0","0","0"
"196","cruzto02",1980,2,"CHA","AL",90,293,23,68,11,1,2,18,2,1,9,54,"0","2","6","1","5"
"197","cruzvi01",1980,1,"CLE","AL",55,0,0,0,0,0,0,0,0,0,0,0,"0","0","0","0","0"
"198","cubbami01",1980,1,"MIN","AL",103,285,29,70,9,0,8,42,0,1,23,37,"4","1","6","3","4"
"199","curtijo01",1980,1,"SDN","NL",31,62,2,12,1,0,0,2,0,0,2,31,"0","0","5","0","0"
"200","dacqujo01",1980,1,"SDN","NL",39,8,1,0,0,0,0,0,0,0,1,4,"0","0","2","0","0"
"201","dacqujo01",1980,2,"MON","NL",11,0,0,0,0,0,0,0,0,0,0,0,"0","0","0","0","0"
"202","dadepa01",1980,1,"SDN","NL",68,53,17,10,0,0,0,3,4,5,12,10,"0","0","0","0","2"
"203","darwida01",1980,1,"TEX","AL",53,0,0,0,0,0,0,0,0,0,0,0,"0","0","0","0","0"
"204","dauerri01",1980,1,"BAL","AL",152,557,71,158,32,0,2,63,3,2,46,19,"1","3","6","6","22"
"205","davalvi01",1980,1,"LAN","NL",7,6,1,1,0,0,0,0,0,0,0,1,"0","0","0","0","0"
"206","davisbo02",1980,1,"TOR","AL",91,218,18,47,11,0,4,19,0,0,12,25,"0","1","9","0","9"
"207","davisdi02",1980,1,"ML4","AL",106,365,50,99,26,2,4,30,5,3,11,43,"0","3","0","2","8"
"208","davisma01",1980,1,"PHI","NL",2,2,1,1,0,0,0,0,0,0,0,0,"0","0","0","0","0"
"209","davismi02",1980,1,"OAK","AL",51,95,11,20,2,1,1,8,2,1,7,14,"0","0","4","1","2"
"210","davisod01",1980,1,"TEX","AL",17,8,0,1,0,0,0,0,0,0,0,2,"0","0","0","0","0"
"211","davisro02",1980,1,"NYA","AL",53,1,0,0,0,0,0,0,0,0,0,1,"0","0","0","0","0"
"212","dawsoan01",1980,1,"MON","NL",151,577,96,178,41,7,17,87,34,9,44,69,"7","6","1","10","9"
"213","decindo01",1980,1,"BAL","AL",145,489,64,122,23,2,16,64,11,6,49,83,"5","3","4","4","20"
"214","dejesiv01",1980,1,"CHN","NL",157,618,78,160,26,3,3,33,44,16,60,81,"2","4","8","2","4"
"215","dempsri01",1980,1,"BAL","AL",119,362,51,95,26,3,9,40,3,1,36,45,"1","3","4","1","11"
"216","dennyjo01",1980,1,"CLE","AL",16,0,0,0,0,0,0,0,0,0,0,0,"0","0","0","0","0"
"217","dentbu01",1980,1,"NYA","AL",141,489,57,128,26,2,5,52,0,3,48,37,"1","2","9","5","6"
"218","dernibo01",1980,1,"PHI","NL",10,7,5,4,0,0,0,1,3,0,1,0,"0","0","0","0","0"
"219","desajo01",1980,1,"SLN","NL",7,11,0,3,0,0,0,0,0,0,0,2,"0","0","0","0","1"
"220","dethebo01",1980,1,"KCA","AL",20,26,2,8,2,0,1,7,1,1,1,4,"0","0","0","0","0"
"221","devinad01",1980,1,"TEX","AL",13,0,0,0,0,0,0,0,0,0,0,0,"0","0","0","0","0"
"222","diazbo01",1980,1,"CLE","AL",76,207,15,47,11,2,3,32,1,0,7,27,"3","0","5","2","12"
"223","dillast01",1980,1,"CHN","NL",100,244,31,55,8,1,4,27,2,2,20,54,"2","1","0","2","3"
"224","dilonmi01",1980,1,"CLE","AL",132,528,82,180,30,9,0,40,61,18,28,45,"1","2","6","2","7"
"225","donohto01",1980,1,"CAL","AL",84,218,18,41,4,1,2,14,5,1,7,63,"0","1","3","1","0"
"226","dorseji01",1980,1,"CAL","AL",4,0,0,0,0,0,0,0,0,0,0,0,"0","0","0","0","0"
"227","dotsori01",1980,1,"CHA","AL",36,0,0,0,0,0,0,0,0,0,0,0,"0","0","0","0","0"
"228","downibr01",1980,1,"CAL","AL",30,93,5,27,6,0,2,25,0,2,12,12,"1","0","1","2","5"
"229","doylebr01",1980,1,"NYA","AL",34,75,8,13,1,0,1,5,1,1,6,7,"0","0","0","0","1"
"230","dragodi01",1980,1,"BOS","AL",43,1,0,0,0,0,0,0,0,0,0,0,"0","0","0","0","0"
"231","dressro01",1980,1,"SEA","AL",30,0,0,0,0,0,0,0,0,0,0,0,"0","0","0","0","0"
"232","driesda01",1980,1,"CIN","NL",154,524,81,139,36,1,14,74,19,6,93,68,"17","6","0","9","14"
"233","duesha01",1980,1,"MON","NL",6,3,0,0,0,0,0,0,0,0,0,2,"0","0","0","0","0"
"234","durhale01",1980,1,"SLN","NL",96,303,42,82,15,4,8,42,8,5,18,55,"1","1","3","5","3"
"235","dwyerji01",1980,1,"BOS","AL",93,260,41,74,11,1,9,38,3,2,28,23,"5","2","1","1","4"
"236","dybzije01",1980,1,"CLE","AL",114,248,32,57,11,1,1,23,4,1,13,35,"0","2","14","1","5"
"237","dyerdu01",1980,1,"DET","AL",48,108,11,20,1,0,4,11,0,0,13,34,"1","0","5","0","3"
"238","easlemi01",1980,1,"PIT","NL",132,393,66,133,27,3,21,74,5,9,43,65,"6","0","0","9","7"
"239","eastwra01",1980,1,"KCA","AL",14,0,0,0,0,0,0,0,0,0,0,0,"0","0","0","0","0"
"240","eckerde01",1980,1,"BOS","AL",30,0,0,0,0,0,0,0,0,0,0,0,"0","0","0","0","0"
"241","edlerda01",1980,1,"SEA","AL",28,89,11,20,1,0,3,9,2,3,8,16,"1","0","2","0","3"
"242","edwarda01",1980,1,"MIN","AL",81,200,26,50,9,1,2,20,2,1,12,51,"1","1","1","1","6"
"243","edwarmi01",1980,1,"OAK","AL",46,59,10,14,0,0,0,3,1,1,1,5,"0","0","3","0","1"
"244","eicheju01",1980,1,"SDN","NL",15,27,1,3,0,0,0,0,1,0,2,18,"0","0","4","0","0"
"245","elliora01",1980,1,"OAK","AL",14,39,4,5,3,0,0,1,0,0,1,13,"0","0","0","0","1"
"246","ellisjo01",1980,1,"TEX","AL",73,182,12,43,9,1,1,23,3,0,14,23,"1","1","0","3","6"
"247","erickro01",1980,1,"MIN","AL",33,0,0,0,0,0,0,0,0,0,0,0,"0","0","0","0","0"
"248","espinni01",1980,1,"PHI","NL",13,26,4,3,1,0,0,2,0,0,0,9,"0","0","3","0","0"
"249","essiaji01",1980,1,"OAK","AL",87,285,19,66,11,0,5,29,1,3,30,18,"0","0","3","3","14"
"250","evansba01",1980,1,"SDN","NL",73,125,11,29,3,2,1,14,1,1,17,21,"1","0","2","3","2"
"251","evansda01",1980,1,"SFN","NL",154,556,69,147,23,0,20,78,17,5,83,65,"6","2","6","6","12"
"252","evansdw01",1980,1,"BOS","AL",148,463,72,123,37,5,18,60,3,1,64,98,"6","5","6","4","5"
"253","faedole01",1980,1,"MIN","AL",5,8,1,2,1,0,0,0,0,0,0,0,"0","0","1","0","0"
"254","faheybi01",1980,1,"SDN","NL",93,241,18,62,4,0,1,22,2,0,21,16,"6","0","1","2","4"
"255","falcope01",1980,1,"NYN","NL",37,41,2,6,0,0,0,3,0,0,2,12,"0","0","6","0","0"
"256","farmeed01",1980,1,"CHA","AL",64,0,0,0,0,0,0,0,0,0,0,0,"0","0","0","0","0"
"257","feltote01",1980,1,"MIN","AL",5,0,0,0,0,0,0,0,0,0,0,0,"0","0","0","0","0"
"258","fergujo01",1980,1,"LAN","NL",77,172,20,41,3,2,9,29,2,2,38,46,"11","0","1","3","8"
"259","ferribo01",1980,1,"CAL","AL",5,0,0,0,0,0,0,0,0,0,0,0,"0","0","0","0","0"
"260","fidryma01",1980,1,"DET","AL",10,0,0,0,0,0,0,0,0,0,0,0,"0","0","0","0","0"
"261","figueed01",1980,1,"NYA","AL",15,0,0,0,0,0,0,0,0,0,0,0,"0","0","0","0","0"
"262","figueed01",1980,2,"TEX","AL",8,0,0,0,0,0,0,0,0,0,0,0,"0","0","0","0","0"
"263","figueje01",1980,1,"CHN","NL",115,198,20,50,5,0,1,11,2,1,14,16,"0","2","2","0","3"
"264","fingero01",1980,1,"SDN","NL",66,18,0,5,3,0,0,0,0,0,0,5,"0","0","1","0","1"
"265","fischmi01",1980,1,"HOU","NL",1,1,0,0,0,0,0,0,0,0,0,1,"0","0","0","0","0"
"266","fiskca01",1980,1,"BOS","AL",131,478,73,138,25,3,18,62,11,5,36,62,"6","13","0","3","12"
"267","flanami01",1980,1,"BAL","AL",40,0,0,0,0,0,0,0,0,0,0,0,"0","0","0","0","0"
"268","flannti01",1980,1,"SDN","NL",95,292,15,70,12,0,0,25,2,2,18,30,"4","0","4","1","5"
"269","flinnjo01",1980,1,"ML4","AL",20,0,0,0,0,0,0,0,0,0,0,0,"0","0","0","0","0"
"270","flynndo01",1980,1,"NYN","NL",128,443,46,113,9,8,0,24,2,2,22,20,"14","0","6","3","15"
"271","foleyma01",1980,1,"CHA","AL",68,137,14,29,5,0,4,15,0,0,9,22,"3","2","1","4","0"
"272","foliti01",1980,1,"PIT","NL",127,495,61,131,22,0,3,38,11,7,19,23,"1","6","13","7","5"
"273","footeba01",1980,1,"CHN","NL",63,202,16,48,13,1,6,28,1,1,13,18,"2","0","0","1","7"
"274","fordda01",1980,1,"CAL","AL",65,226,22,63,11,0,7,26,0,1,19,45,"1","2","1","1","15"
"275","fordda02",1980,1,"BAL","AL",25,0,0,0,0,0,0,0,0,0,0,0,"0","0","0","0","0"
"276","forscbo01",1980,1,"SLN","NL",32,78,11,23,5,0,3,10,1,0,2,18,"0","0","9","0","1"
"277","forscke01",1980,1,"HOU","NL",32,77,3,18,3,0,0,8,1,0,1,33,"0","0","6","0","0"
"278","forstte01",1980,1,"LAN","NL",9,0,0,0,0,0,0,0,0,0,0,0,"0","0","0","0","0"
"279","fostege01",1980,1,"CIN","NL",144,528,79,144,21,5,25,93,1,0,75,99,"14","1","0","4","14"
"280","frazige01",1980,1,"SLN","NL",22,0,0,0,0,0,0,0,0,0,0,0,"0","0","0","0","0"
"281","friaspe01",1980,1,"TEX","AL",116,227,27,55,5,1,0,10,5,1,4,23,"0","1","12","2","8"
"282","friaspe01",1980,2,"LAN","NL",14,9,1,2,1,0,0,0,0,0,0,0,"0","0","0","0","1"
"283","frostda01",1980,1,"CAL","AL",15,0,0,0,0,0,0,0,0,0,0,0,"0","0","0","0","0"
"284","frymawo01",1980,1,"MON","NL",61,12,0,2,0,0,0,2,0,0,0,4,"0","0","2","0","0"
"285","fulghjo01",1980,1,"SLN","NL",16,27,1,0,0,0,0,0,0,0,0,17,"0","0","3","0","0"
"286","galeri01",1980,1,"KCA","AL",32,0,0,0,0,0,0,0,0,0,0,0,"0","0","0","0","0"
"287","gamblos01",1980,1,"NYA","AL",78,194,40,54,10,2,14,50,2,0,28,21,"4","4","0","3","2"
"288","gantnji01",1980,1,"ML4","AL",132,415,47,117,21,3,4,40,11,10,30,29,"5","1","8","3","8"
"289","garbege01",1980,1,"ATL","NL",68,2,0,1,0,0,0,1,0,0,0,1,"0","0","0","0","0"
"290","garcida01",1980,1,"TOR","AL",140,543,50,151,30,7,4,46,13,13,12,55,"2","3","4","3","14"
"291","garciki01",1980,1,"BAL","AL",111,311,27,62,8,0,1,27,8,4,24,57,"0","0","3","2","11"
"292","garlawa01",1980,1,"CLE","AL",25,0,0,0,0,0,0,0,0,0,0,0,"0","0","0","0","0"
"293","garneph01",1980,1,"PIT","NL",151,548,62,142,27,6,5,58,32,7,46,53,"12","2","7","7","12"
"294","garrra01",1980,1,"CAL","AL",21,42,5,8,1,0,0,3,0,0,4,6,"2","0","0","0","0"
"295","garvest01",1980,1,"LAN","NL",163,658,78,200,27,1,26,106,6,11,36,67,"6","3","3","4","17"
"296","garvije01",1980,1,"TOR","AL",61,0,0,0,0,0,0,0,0,0,0,0,"0","0","0","0","0"
"297","gedmari01",1980,1,"BOS","AL",9,24,2,5,0,0,0,1,0,0,0,5,"0","0","0","0","1"
"298","geronce01",1980,1,"CIN","NL",103,145,16,37,5,0,2,9,2,1,14,24,"3","0","2","1","2"
"299","gibsoki01",1980,1,"DET","AL",51,175,23,46,2,1,9,16,4,7,10,45,"0","1","1","2","0"
"300","gleatje01",1980,1,"TEX","AL",5,0,0,0,0,0,0,0,0,0,0,0,"0","0","0","0","0"
"301","glynned01",1980,1,"NYN","NL",38,6,0,0,0,0,0,0,0,0,0,2,"0","0","2","0","0"
"302","goltzda01",1980,1,"LAN","NL",35,47,1,6,0,0,0,4,0,0,7,23,"0","0","7","0","0"
"303","gomezlu01",1980,1,"ATL","NL",121,278,18,53,6,0,0,24,0,4,17,27,"2","1","10","1","9"
"304","gonzada01",1980,1,"DET","AL",2,7,1,1,0,0,0,0,0,0,0,1,"0","0","0","0","0"
"305","gonzaju02",1980,1,"HOU","NL",40,52,5,6,1,0,0,1,1,0,1,8,"1","0","1","0","1"
"306","gonzaor01",1980,1,"OAK","AL",25,70,10,17,0,0,0,1,0,2,9,8,"0","0","1","0","0"
"307","goodwda01",1980,1,"MIN","AL",55,115,12,23,5,0,1,11,0,0,17,32,"0","0","1","1","4"
"308","gossari01",1980,1,"NYA","AL",64,0,0,0,0,0,0,0,0,0,0,0,"0","0","0","0","0"
"309","grahada01",1980,1,"BAL","AL",86,266,32,74,7,1,15,54,0,0,14,40,"0","0","1","4","4"
"310","grayga01",1980,1,"CLE","AL",28,54,4,8,1,0,2,4,0,0,3,13,"1","0","0","0","2"
"311","grichbo01",1980,1,"CAL","AL",150,498,60,135,22,2,14,62,3,7,84,108,"2","4","5","5","16"
"312","griffal01",1980,1,"TOR","AL",155,653,63,166,26,15,2,41,18,23,24,58,"2","4","10","5","8"
"313","griffke01",1980,1,"CIN","NL",146,544,89,160,28,10,13,85,23,1,62,77,"4","1","3","5","4"
"314","griffmi02",1980,1,"NYA","AL",13,0,0,0,0,0,0,0,0,0,0,0,"0","0","0","0","0"
"315","griffto02",1980,1,"SFN","NL",44,18,1,2,0,0,1,1,0,0,0,7,"0","0","2","0","0"
"316","grimsro02",1980,1,"MON","NL",11,9,1,2,1,0,0,0,0,0,0,4,"0","0","0","0","0"
"317","grimsro02",1980,2,"CLE","AL",14,0,0,0,0,0,0,0,0,0,0,0,"0","0","0","0","0"
"318","grossgr01",1980,1,"PHI","NL",127,154,19,37,7,2,0,12,1,1,24,7,"1","1","3","0","4"
"319","grosswa01",1980,1,"OAK","AL",113,366,45,103,20,3,14,61,5,3,44,39,"9","1","2","6","2"
"320","grubbjo01",1980,1,"TEX","AL",110,274,40,76,12,1,9,32,2,3,42,35,"5","2","2","3","11"
"321","guerrma01",1980,1,"OAK","AL",116,381,32,91,16,2,2,23,3,3,19,32,"2","1","7","6","15"
"322","guerrpe01",1980,1,"LAN","NL",75,183,27,59,9,1,7,31,2,1,12,31,"3","0","1","3","2"
"323","guidrro01",1980,1,"NYA","AL",37,0,0,0,0,0,0,0,0,0,0,0,"0","0","0","0","0"
"324","guldebr01",1980,1,"NYA","AL",2,3,1,1,0,0,1,2,0,0,0,0,"0","0","0","0","0"
"325","gullibi01",1980,1,"MON","NL",24,40,2,7,1,0,0,0,0,0,2,11,"0","0","10","0","0"
"326","gurala01",1980,1,"KCA","AL",36,0,0,0,0,0,0,0,0,0,0,0,"0","0","0","0","0"
"327","haasmo01",1980,1,"ML4","AL",33,0,0,0,0,0,0,0,0,0,0,0,"0","0","0","0","0"
"328","haliced01",1980,1,"SFN","NL",11,6,0,1,0,0,0,0,0,0,0,2,"0","0","0","0","0"
"329","haliced01",1980,2,"CAL","AL",10,0,0,0,0,0,0,0,0,0,0,0,"0","0","0","0","0"
"330","hamilda01",1980,1,"OAK","AL",21,0,0,0,0,0,0,0,0,0,0,0,"0","0","0","0","0"
"331","hancoga01",1980,1,"BOS","AL",46,115,9,33,6,0,4,19,0,3,3,11,"0","0","0","2","1"
"332","hannapr01",1980,1,"ATL","NL",32,14,1,2,0,1,0,0,0,0,0,3,"0","0","0","0","0"
"333","hargeal01",1980,1,"SFN","NL",15,22,2,4,1,0,0,2,0,0,2,10,"0","0","1","0","1"
"334","hargrmi01",1980,1,"CLE","AL",160,589,86,179,22,2,11,85,4,2,111,36,"10","8","2","10","22"
"335","harlola01",1980,1,"CAL","AL",109,301,47,83,13,4,4,27,3,2,48,61,"1","1","4","1","10"
"336","harpete01",1980,1,"ATL","NL",21,54,3,10,2,1,0,3,2,1,6,5,"0","1","0","0","1"
"337","harrato01",1980,1,"CLE","AL",160,561,100,150,22,4,11,72,17,2,98,60,"3","7","2","7","16"
"338","harrebu01",1980,1,"TEX","AL",87,180,26,49,6,0,1,9,4,4,29,23,"0","0","10","0","3"
"339","harrijo04",1980,1,"CAL","AL",19,41,8,12,5,0,2,7,0,1,7,4,"0","0","0","1","2"
"340","harrivi01",1980,1,"ML4","AL",34,89,8,19,4,1,1,7,4,1,12,13,"0","0","1","1","1"
"341","hartmi01",1980,1,"TEX","AL",5,4,1,1,0,0,0,0,0,0,1,1,"0","0","0","0","0"
"342","hartzpa01",1980,1,"BAL","AL",6,0,0,0,0,0,0,0,0,0,0,0,"0","0","0","0","0"
"343","hassero01",1980,1,"CLE","AL",130,390,43,124,18,4,8,65,0,2,49,51,"3","1","1","6","13"
"344","hasslan01",1980,1,"PIT","NL",6,2,0,0,0,0,0,0,0,0,0,1,"0","0","0","0","0"
"345","hasslan01",1980,2,"CAL","AL",41,0,0,0,0,0,0,0,0,0,0,0,"0","0","0","0","0"
"346","hatchmi01",1980,1,"LAN","NL",57,84,4,19,2,0,1,5,0,2,2,12,"1","0","4","0","6"
"347","hausmto01",1980,1,"NYN","NL",55,16,0,1,0,0,0,0,0,0,0,7,"0","0","1","0","1"
"348","hayesbi01",1980,1,"CHN","NL",4,9,0,2,1,0,0,0,0,0,0,3,"0","0","0","0","0"
"349","hazewdr01",1980,1,"BAL","AL",6,5,1,0,0,0,0,0,0,0,0,4,"0","0","0","0","0"
"350","heathmi02",1980,1,"OAK","AL",92,305,27,74,10,2,1,33,3,3,16,28,"2","0","7","1","7"
"351","heaveda01",1980,1,"SEA","AL",60,0,0,0,0,0,0,0,0,0,0,0,"0","0","0","0","0"
"352","hebneri01",1980,1,"DET","AL",104,341,48,99,10,7,12,82,0,3,38,45,"3","2","2","5","7"
"353","heepda01",1980,1,"HOU","NL",33,87,6,24,8,0,0,6,0,0,8,9,"0","1","0","1","0"
"354","hendeke01",1980,1,"CHN","NL",44,82,7,16,3,0,2,9,0,0,17,19,"3","0","0","0","3"
"355","henderi01",1980,1,"OAK","AL",158,591,111,179,22,4,9,53,100,26,117,54,"7","5","6","3","6"
"356","hendest01",1980,1,"NYN","NL",143,513,75,149,17,8,8,58,23,12,62,90,"3","3","3","3","17"
"357","hendrge01",1980,1,"SLN","NL",150,572,73,173,33,2,25,109,6,1,32,67,"9","4","1","4","14"
"358","hernake01",1980,1,"SLN","NL",159,595,111,191,39,8,16,99,14,8,86,73,"4","4","1","4","14"
"359","hernawi01",1980,1,"CHN","NL",53,19,0,4,1,0,0,1,0,0,0,7,"0","0","1","0","0"
"360","herndla01",1980,1,"SFN","NL",139,493,54,127,17,11,8,49,8,8,19,91,"1","1","4","4","10"
"361","herrto01",1980,1,"SLN","NL",76,222,29,55,12,5,0,15,9,2,16,21,"5","1","1","2","8"
"362","hillejo01",1980,1,"DET","AL",11,0,0,0,0,0,0,0,0,0,0,0,"0","0","0","0","0"
"363","hillma01",1980,1,"SFN","NL",17,41,1,7,2,0,0,0,0,0,1,7,"0","0","1","0","1"
"364","hillma01",1980,2,"SEA","AL",29,70,8,16,2,1,2,9,0,0,3,10,"0","0","1","0","3"
"365","hislela01",1980,1,"ML4","AL",17,60,16,17,0,0,6,16,1,1,14,7,"2","1","0","1","1"
"366","hobsobu01",1980,1,"BOS","AL",93,324,35,74,6,0,11,39,1,1,25,69,"2","0","0","3","10"
"367","hodgero01",1980,1,"NYN","NL",36,42,4,10,2,0,0,5,1,1,10,13,"1","0","1","1","1"
"368","hodgspa01",1980,1,"TOR","AL",20,41,5,9,0,1,1,5,0,1,3,12,"0","0","2","0","2"
"369","hoffmgl01",1980,1,"BOS","AL",114,312,37,89,15,4,4,42,2,4,19,41,"2","2","9","4","8"
"370","hoffmgu01",1980,1,"CHA","AL",23,0,0,0,0,0,0,0,0,0,0,0,"0","0","0","0","0"
"371","holdsfr01",1980,1,"ML4","AL",9,0,0,0,0,0,0,0,0,0,0,0,"0","0","0","0","0"
"372","hollaal01",1980,1,"SFN","NL",54,5,2,1,0,1,0,2,0,0,2,2,"0","0","2","0","0"
"373","holmasc01",1980,1,"NYN","NL",4,0,0,0,0,0,0,0,0,0,0,0,"0","0","0","0","0"
"374","holtro01",1980,1,"NYA","AL",2,6,0,1,0,0,0,1,0,0,1,2,"0","0","0","0","0"
"375","honeyri01",1980,1,"SEA","AL",30,0,0,0,0,0,0,0,0,0,0,0,"0","0","0","0","0"
"376","hooddo01",1980,1,"SLN","NL",35,20,3,4,0,0,0,1,0,0,0,9,"0","0","2","0","0"
"377","hootobu01",1980,1,"LAN","NL",34,64,4,4,0,0,1,6,0,0,3,15,"0","0","14","0","0"
"378","hornebo01",1980,1,"ATL","NL",124,463,81,124,14,1,35,89,3,1,27,50,"3","1","0","4","16"
"379","hortowi01",1980,1,"SEA","AL",97,335,32,74,10,1,8,36,0,4,39,70,"2","4","2","4","5"
"380","houghch01",1980,1,"LAN","NL",19,2,0,1,0,0,0,1,0,0,0,1,"0","0","0","0","0"
"381","houghch01",1980,2,"TEX","AL",16,0,0,0,0,0,0,0,0,0,0,0,"0","0","0","0","0"
"382","housepa02",1980,1,"CIN","NL",20,45,3,11,1,1,0,7,1,0,1,13,"0","0","0","0","0"
"383","howear01",1980,1,"HOU","NL",110,321,34,91,12,5,10,46,1,0,34,29,"6","1","4","4","9"
"384","howelja01",1980,1,"CIN","NL",5,0,0,0,0,0,0,0,0,0,0,0,"0","0","0","0","0"
"385","howelro02",1980,1,"TOR","AL",142,528,51,142,28,9,10,57,0,0,50,92,"8","5","4","5","10"
"386","howest01",1980,1,"LAN","NL",59,11,1,1,0,0,0,0,0,0,0,3,"0","0","0","0","0"
"387","hoytla01",1980,1,"CHA","AL",25,0,0,0,0,0,0,0,0,0,0,0,"0","0","0","0","0"
"388","hraboal01",1980,1,"ATL","NL",45,1,0,0,0,0,0,0,0,0,0,0,"0","0","0","0","0"
"389","hubbagl01",1980,1,"ATL","NL",117,431,55,107,21,3,9,43,7,5,49,69,"2","0","2","5","7"
"390","humeto01",1980,1,"CIN","NL",78,16,2,3,2,0,0,4,0,0,0,5,"0","0","1","0","0"
"391","hurdlcl01",1980,1,"KCA","AL",130,395,50,116,31,2,10,60,0,0,34,61,"5","2","2","5","11"
"392","hurstbr01",1980,1,"BOS","AL",12,0,0,0,0,0,0,0,0,0,0,0,"0","0","0","0","0"
"393","huttoto01",1980,1,"MON","NL",62,55,2,12,2,0,0,5,0,0,4,10,"0","0","2","1","1"
"394","iorgda01",1980,1,"SLN","NL",105,251,33,76,23,1,3,36,1,1,20,34,"2","0","0","4","5"
"395","iorgga01",1980,1,"TOR","AL",80,222,24,55,10,1,2,14,2,1,12,39,"0","0","3","0","5"
"396","isaleor01",1980,1,"PHI","NL",3,5,1,2,0,1,0,3,0,0,1,0,"0","0","0","0","0"
"397","iviemi01",1980,1,"SFN","NL",79,286,21,69,16,1,4,25,1,2,19,40,"2","0","0","1","7"
"398","jacksda01",1980,1,"MIN","AL",33,0,0,0,0,0,0,0,0,0,0,0,"0","0","0","0","0"
"399","jacksgr01",1980,1,"PIT","NL",61,10,0,0,0,0,0,0,0,0,0,7,"0","0","0","0","0"
"400","jacksre01",1980,1,"NYA","AL",143,514,94,154,22,4,41,111,1,2,83,122,"15","2","0","2","7"
"401","jacksro02",1980,1,"MIN","AL",131,396,48,105,29,3,5,42,1,8,28,41,"5","3","4","3","15"
"402","jacksro03",1980,1,"NYN","NL",26,16,2,3,0,1,0,0,0,1,0,4,"0","0","0","0","0"
"403","jeffeje01",1980,1,"TOR","AL",29,0,0,0,0,0,0,0,0,0,0,0,"0","0","0","0","0"
"404","jeffeje01",1980,2,"PIT","NL",1,1,0,0,0,0,0,0,0,0,0,1,"0","0","1","0","0"
"405","jenkife01",1980,1,"TEX","AL",29,0,0,0,0,0,0,0,0,0,0,0,"0","0","0","0","0"
"406","johnscl01",1980,1,"CLE","AL",54,174,25,40,3,1,6,28,0,1,25,30,"5","0","0","4","8"
"407","johnscl01",1980,2,"CHN","NL",68,196,28,46,8,0,10,34,0,0,29,35,"5","1","0","1","4"
"408","johnsgr01",1980,1,"MIN","AL",14,27,3,5,3,0,0,1,0,0,2,4,"0","0","1","1","3"
"409","johnsja01",1980,1,"LAN","NL",109,251,31,77,15,2,2,20,3,2,24,29,"1","2","2","0","3"
"410","johnsjo04",1980,1,"TEX","AL",33,0,0,0,0,0,0,0,0,0,0,0,"0","0","0","0","0"
"411","johnsla02",1980,1,"CHA","AL",147,541,51,150,26,3,13,81,2,3,47,53,"5","0","1","7","15"
"412","johnsra03",1980,1,"CHA","AL",12,20,0,4,0,0,0,3,0,0,2,4,"0","1","0","2","0"
"413","johnto01",1980,1,"NYA","AL",36,0,0,0,0,0,0,0,0,0,0,0,"0","0","0","0","0"
"414","jonesje01",1980,1,"OAK","AL",35,0,0,0,0,0,0,0,0,0,0,0,"0","0","0","0","0"
"415","jonesly01",1980,1,"DET","AL",30,55,9,14,2,2,0,6,1,0,10,5,"0","0","0","1","3"
"416","jonesmi02",1980,1,"KCA","AL",3,0,0,0,0,0,0,0,0,0,0,0,"0","0","0","0","0"
"417","jonesra01",1980,1,"SDN","NL",25,45,1,3,0,0,0,0,0,0,2,15,"0","0","7","0","1"
"418","jonesru01",1980,1,"NYA","AL",83,328,38,73,11,3,9,42,18,8,34,50,"3","3","5","3","5"
"419","jorgemi01",1980,1,"NYN","NL",119,321,43,82,11,0,7,43,0,3,46,55,"6","0","1","0","10"
"420","joshuvo01",1980,1,"SDN","NL",53,63,8,15,2,1,2,7,0,1,5,15,"1","0","0","0","2"
"421","kaatji01",1980,1,"NYA","AL",4,0,0,0,0,0,0,0,0,0,0,0,"0","0","0","0","0"
"422","kaatji01",1980,2,"SLN","NL",49,35,4,5,1,0,1,2,1,0,2,13,"0","0","4","0","0"
"423","kainedo01",1980,1,"TEX","AL",4,0,0,0,0,0,0,0,0,0,0,0,"0","0","0","0","0"
"424","keetori01",1980,1,"ML4","AL",5,0,0,0,0,0,0,0,0,0,0,0,"0","0","0","0","0"
"425","kellemi02",1980,1,"CHN","NL",105,96,12,14,1,1,0,4,1,3,9,17,"1","0","1","1","5"
"426","kellypa01",1980,1,"BAL","AL",89,200,38,52,10,1,3,26,16,2,34,54,"0","0","0","3","4"
"427","kellypa02",1980,1,"TOR","AL",3,7,0,2,0,0,0,0,0,0,0,4,"0","0","0","0","0"
"428","kempst01",1980,1,"DET","AL",135,508,88,149,23,3,21,101,5,1,69,64,"3","4","1","9","24"
"429","kendafr01",1980,1,"SDN","NL",19,24,2,7,0,0,0,2,0,0,0,3,"0","0","0","0","0"
"430","kenneju01",1980,1,"CIN","NL",104,337,31,88,16,3,1,34,3,1,36,34,"6","0","4","8","5"
"431","kennete02",1980,1,"SLN","NL",84,248,28,63,12,3,4,34,0,0,28,34,"3","0","1","4","9"
"432","keougma02",1980,1,"OAK","AL",34,0,0,0,0,0,0,0,0,0,0,0,"0","0","0","0","0"
"433","kernji01",1980,1,"TEX","AL",38,0,0,0,0,0,0,0,0,0,0,0,"0","0","0","0","0"
"434","kerrijo01",1980,1,"BAL","AL",1,0,0,0,0,0,0,0,0,0,0,0,"0","0","0","0","0"
"435","kimmbr01",1980,1,"CHA","AL",100,251,20,61,10,1,0,19,1,3,17,26,"0","0","4","1","10"
"436","kingmbr01",1980,1,"OAK","AL",32,0,0,0,0,0,0,0,0,0,0,0,"0","0","0","0","0"
"437","kingmda01",1980,1,"CHN","NL",81,255,31,71,8,0,18,57,2,2,21,44,"3","0","0","4","10"
"438","kinnede01",1980,1,"SDN","NL",50,12,0,1,0,0,0,0,0,0,1,7,"0","0","1","0","0"
"439","kinnumi01",1980,1,"MIN","AL",21,0,0,0,0,0,0,0,0,0,0,0,"0","0","0","0","0"
"440","kisonbr01",1980,1,"CAL","AL",13,0,0,0,0,0,0,0,0,0,0,0,"0","0","0","0","0"
"441","kluttmi01",1980,1,"OAK","AL",75,197,20,53,14,0,4,21,1,4,13,41,"1","0","1","1","5"
"442","knappch01",1980,1,"CAL","AL",32,0,0,0,0,0,0,0,0,0,0,0,"0","0","0","0","0"
"443","kneppbo01",1980,1,"SFN","NL",35,66,3,10,3,0,0,7,1,0,2,21,"0","0","9","2","0"
"444","kniceal01",1980,1,"HOU","NL",1,1,0,0,0,0,0,0,0,0,0,1,"0","0","0","0","0"
"445","knighra01",1980,1,"CIN","NL",162,618,71,163,39,7,14,78,1,2,36,62,"9","4","5","4","24"
"446","knowlda01",1980,1,"SLN","NL",2,0,0,0,0,0,0,0,0,0,0,0,"0","0","0","0","0"
"447","kobelke01",1980,1,"NYN","NL",14,2,0,0,0,0,0,0,0,0,0,0,"0","0","0","0","0"
"448","koosmje01",1980,1,"MIN","AL",38,0,0,0,0,0,0,0,0,0,0,0,"0","0","0","0","0"
"449","kraveke01",1980,1,"CHA","AL",20,0,0,0,0,0,0,0,0,0,0,0,"0","0","0","0","0"
"450","krencwa01",1980,1,"BAL","AL",9,14,1,2,0,0,0,0,0,0,1,3,"0","0","0","0","0"
"451","krukomi01",1980,1,"CHN","NL",34,65,5,16,0,0,1,6,0,0,2,12,"0","0","7","0","1"
"452","kubskgi01",1980,1,"CAL","AL",22,63,11,16,3,0,0,6,1,1,6,10,"0","0","0","0","2"
"453","kucekja01",1980,1,"TOR","AL",23,0,0,0,0,0,0,0,0,0,0,0,"0","0","0","0","0"
"454","kuipedu01",1980,1,"CLE","AL",42,149,10,42,5,0,0,9,0,1,13,8,"3","0","3","1","1"
"455","kuntzru01",1980,1,"CHA","AL",36,62,5,14,4,0,0,3,1,0,5,13,"0","0","0","0","2"
"456","laceybo01",1980,1,"OAK","AL",47,0,0,0,0,0,0,0,0,0,0,0,"0","0","0","0","0"
"457","lacocpe01",1980,1,"KCA","AL",114,156,14,32,6,0,1,18,1,0,17,10,"1","1","0","2","7"
"458","lacorfr01",1980,1,"HOU","NL",55,6,0,1,0,0,0,1,0,0,1,2,"0","0","2","0","0"
"459","lacosmi01",1980,1,"CIN","NL",34,55,2,5,1,0,0,1,0,0,1,23,"0","1","6","0","0"
"460","lacyle01",1980,1,"PIT","NL",109,278,45,93,20,4,7,33,18,9,28,33,"3","2","2","4","3"
"461","lagrole01",1980,1,"PHI","NL",25,4,0,1,0,0,0,0,0,0,0,1,"0","0","0","0","0"
"462","lampde01",1980,1,"CHN","NL",41,61,3,6,0,0,0,1,0,0,4,9,"0","0","7","0","4"
"463","landera01",1980,1,"HOU","NL",149,393,42,97,13,8,1,27,23,12,31,37,"2","3","6","1","3"
"464","landrke01",1980,1,"MIN","AL",129,484,56,136,23,11,7,62,8,6,39,42,"4","2","6","5","13"
"465","landrti01",1980,1,"SLN","NL",35,77,6,19,2,2,0,7,3,2,6,17,"0","1","0","1","3"
"466","langfri01",1980,1,"OAK","AL",35,0,0,0,0,0,0,0,0,0,0,0,"0","0","0","0","0"
"467","lansfca01",1980,1,"CAL","AL",151,602,87,157,27,3,15,80,14,5,50,93,"2","0","7","11","12"
"468","lapoida01",1980,1,"ML4","AL",5,0,0,0,0,0,0,0,0,0,0,0,"0","0","0","0","0"
"469","larocda01",1980,1,"CAL","AL",53,0,0,0,0,0,0,0,0,0,0,0,"0","0","0","0","0"
"470","larsoda01",1980,1,"PHI","NL",12,13,0,2,1,0,0,0,0,0,1,1,"0","0","0","0","0"
"471","lavelga01",1980,1,"SFN","NL",62,11,0,0,0,0,0,0,0,0,0,7,"0","0","3","0","0"
"472","lawru01",1980,1,"LAN","NL",128,388,55,101,5,4,1,23,40,13,23,27,"1","3","3","1","2"
"473","lawva01",1980,1,"PIT","NL",25,74,11,17,2,2,0,3,2,0,3,7,"0","0","1","0","2"
"474","leach01",1980,1,"MON","NL",21,37,1,3,0,1,0,1,0,0,1,11,"0","0","0","1","1"
"475","leallu01",1980,1,"TOR","AL",13,0,0,0,0,0,0,0,0,0,0,0,"0","0","0","0","0"
"476","leebi03",1980,1,"MON","NL",25,41,2,9,1,0,0,0,0,0,0,12,"0","0","0","0","0"
"477","leema01",1980,1,"PIT","NL",4,0,0,0,0,0,0,0,0,0,1,0,"0","0","0","0","0"
"478","lefebjo01",1980,1,"NYA","AL",74,150,26,34,1,1,8,21,0,0,27,30,"3","0","1","0","5"
"479","lefloro01",1980,1,"MON","NL",139,521,95,134,21,11,4,39,97,19,62,99,"1","1","2","1","4"
"480","leibrch01",1980,1,"CIN","NL",36,56,2,11,0,1,0,4,0,0,3,14,"0","0","4","1","0"
"481","lemanda01",1980,1,"TOR","AL",10,0,0,0,0,0,0,0,0,0,0,0,"0","0","0","0","0"
"482","lemanda01",1980,2,"CAL","AL",21,0,0,0,0,0,0,0,0,0,0,0,"0","0","0","0","0"
"483","lemasjo01",1980,1,"SFN","NL",135,405,33,87,16,6,3,31,0,1,25,57,"5","0","7","5","7"
"484","lemonch01",1980,1,"CHA","AL",147,514,76,150,32,6,11,51,6,6,71,56,"6","12","4","3","12"
"485","lentiji01",1980,1,"SLN","NL",9,10,1,1,0,0,0,1,0,0,0,2,"0","0","0","0","0"
"486","lentiji01",1980,2,"DET","AL",67,161,19,42,8,1,1,17,2,1,28,30,"1","2","4","0","3"
"487","leonade01",1980,1,"KCA","AL",38,0,0,0,0,0,0,0,0,0,0,0,"0","0","0","0","0"
"488","leonaje01",1980,1,"HOU","NL",88,216,29,46,7,5,3,20,4,1,19,46,"2","0","1","2","8"
"489","lerchra01",1980,1,"PHI","NL",34,45,5,12,2,0,0,3,0,0,5,6,"0","0","4","0","2"
"490","lewalde01",1980,1,"TEX","AL",4,0,0,0,0,0,0,0,0,0,0,0,"0","0","0","0","0"
"491","lezcaca01",1980,1,"CHN","NL",42,88,15,18,4,1,3,12,1,2,11,29,"0","1","2","2","3"
"492","lezcasi01",1980,1,"ML4","AL",112,411,51,94,19,3,18,55,1,1,39,75,"3","3","3","4","6"
"493","littema01",1980,1,"SLN","NL",14,1,0,0,0,0,0,0,0,0,0,0,"0","0","0","0","0"
"494","littlde01",1980,1,"SFN","NL",13,29,2,7,1,0,0,2,0,0,7,7,"1","0","0","2","1"
"495","littlje01",1980,1,"SLN","NL",7,6,1,1,0,0,0,0,0,0,0,2,"0","0","0","0","2"
"496","littljo01",1980,1,"SLN","NL",52,11,1,0,0,0,0,0,0,0,0,3,"0","0","1","0","0"
"497","lockwsk01",1980,1,"BOS","AL",24,0,0,0,0,0,0,0,0,0,0,0,"0","0","0","0","0"
"498","lollati01",1980,1,"NYA","AL",14,0,0,0,0,0,0,0,0,0,0,0,"0","0","0","0","0"
"499","lopesda01",1980,1,"LAN","NL",141,553,79,139,15,3,10,49,23,7,58,71,"2","1","9","4","8"
"500","lopezau01",1980,1,"DET","AL",67,0,0,0,0,0,0,0,0,0,0,0,"0","0","0","0","0"
"501","loucksc01",1980,1,"HOU","NL",8,3,4,1,0,0,0,0,0,0,0,2,"0","0","0","0","0"
"502","lovigja01",1980,1,"PHI","NL",16,5,7,0,0,0,0,0,1,2,1,0,"0","0","0","0","0"
"503","lowenjo01",1980,1,"BAL","AL",104,196,38,61,8,0,4,27,7,3,32,29,"1","0","0","3","2"
"504","lucasga01",1980,1,"SDN","NL",46,35,1,6,0,0,0,2,0,0,1,11,"0","0","7","0","0"
"505","lummi01",1980,1,"ATL","NL",93,83,7,17,3,0,0,5,0,0,18,19,"3","0","1","1","3"
"506","luzingr01",1980,1,"PHI","NL",106,368,44,84,19,1,19,56,3,0,60,100,"5","6","0","4","6"
"507","lylesp01",1980,1,"TEX","AL",49,0,0,0,0,0,0,0,0,0,0,0,"0","0","0","0","0"
"508","lylesp01",1980,2,"PHI","NL",10,0,0,0,0,0,0,0,0,0,0,0,"0","0","0","0","0"
"509","lynched01",1980,1,"NYN","NL",5,6,0,2,0,0,0,0,0,0,0,2,"0","0","0","0","0"
"510","lynnfr01",1980,1,"BOS","AL",110,415,67,125,32,3,12,61,12,0,58,39,"3","0","0","5","10"
"511","lysanri01",1980,1,"OAK","AL",5,0,0,0,0,0,0,0,0,0,0,0,"0","0","0","0","0"
"512","machake01",1980,1,"MON","NL",49,107,10,31,5,1,1,8,0,2,11,17,"1","1","1","0","5"
"513","machami01",1980,1,"TOR","AL",5,8,0,0,0,0,0,0,0,0,0,1,"0","0","0","0","0"
"514","mackape01",1980,1,"MIN","AL",108,319,31,85,18,0,4,35,6,2,14,34,"2","0","7","2","7"
"515","mackost01",1980,1,"CHN","NL",6,20,2,6,2,0,0,2,0,0,0,3,"0","0","0","0","0"
"516","macwhke01",1980,1,"BOS","AL",14,0,0,0,0,0,0,0,0,0,0,0,"0","0","0","0","0"
"517","maddoel01",1980,1,"NYN","NL",130,411,35,101,16,1,4,34,1,9,52,44,"5","6","5","4","9"
"518","maddoga01",1980,1,"PHI","NL",143,549,59,142,31,3,11,73,25,5,18,52,"5","0","7","9","11"
"519","madlobi01",1980,1,"PIT","NL",137,494,62,137,22,4,10,53,16,10,45,33,"12","4","0","3","15"
"520","mahlemi01",1980,1,"PIT","NL",2,0,0,0,0,0,0,0,0,0,0,0,"0","0","0","0","0"
"521","mahleri01",1980,1,"ATL","NL",2,0,0,0,0,0,0,0,0,0,0,0,"0","0","0","0","0"
"522","mankoph01",1980,1,"NYN","NL",8,12,1,2,1,0,0,1,0,0,2,4,"0","0","0","0","0"
"523","manniri01",1980,1,"CLE","AL",140,471,55,110,17,4,3,52,12,6,63,66,"11","2","10","9","12"
"524","manueje01",1980,1,"MON","NL",7,6,0,0,0,0,0,0,0,0,0,2,"0","0","0","0","0"
"525","marshmi01",1980,1,"MIN","AL",18,0,0,0,0,0,0,0,0,0,0,0,"0","0","0","0","0"
"526","martial02",1980,1,"CAL","AL",30,0,0,0,0,0,0,0,0,0,0,0,"0","0","0","0","0"
"527","martibu01",1980,1,"ML4","AL",76,219,16,49,9,0,3,17,1,0,12,33,"0","1","5","1","3"
"528","martide01",1980,1,"BAL","AL",26,0,0,0,0,0,0,0,0,0,0,0,"0","0","0","0","0"
"529","martije01",1980,1,"CHN","NL",141,494,57,112,22,2,23,73,8,3,38,107,"6","2","0","6","11"
"530","martijo05",1980,1,"SLN","NL",9,11,0,3,0,0,0,1,0,0,1,3,"0","0","0","1","0"
"531","martire01",1980,1,"KCA","AL",32,0,0,0,0,0,0,0,0,0,0,0,"0","0","0","0","0"
"532","martisi01",1980,1,"SLN","NL",25,35,3,3,0,0,0,1,0,0,2,19,"0","0","3","0","0"
"533","martiti01",1980,1,"BAL","AL",54,0,0,0,0,0,0,0,0,0,0,0,"0","0","0","0","0"
"534","martzra01",1980,1,"CHN","NL",6,9,0,1,0,0,0,0,0,0,0,5,"0","0","0","0","0"
"535","matlajo01",1980,1,"TEX","AL",35,0,0,0,0,0,0,0,0,0,0,0,"0","0","0","0","0"
"536","matthga01",1980,1,"ATL","NL",155,571,79,159,17,3,19,75,11,3,42,93,"2","0","1","5","16"
"537","matulri01",1980,1,"ATL","NL",33,57,0,6,0,0,0,0,0,0,2,25,"0","0","5","0","0"
"538","maybejo01",1980,1,"TOR","AL",149,501,62,124,19,2,30,82,0,0,77,80,"9","3","3","4","9"
"539","mayle01",1980,1,"BAL","AL",78,222,20,54,10,2,7,31,2,0,15,53,"1","0","0","2","11"
"540","maymi01",1980,1,"SFN","NL",111,358,27,93,16,2,6,50,0,1,25,40,"4","1","3","6","13"
"541","mayru01",1980,1,"NYA","AL",41,0,0,0,0,0,0,0,0,0,0,0,"0","0","0","0","0"
"542","mazzile01",1980,1,"NYN","NL",152,578,82,162,31,4,16,76,41,15,82,92,"11","3","0","5","8"
"543","mcbriba01",1980,1,"PHI","NL",137,554,68,171,33,10,9,87,13,10,26,58,"4","5","2","6","17"
"544","mccarti01",1980,1,"PHI","NL",6,5,2,1,1,0,0,2,0,0,1,0,"0","0","1","0","1"
"545","mccatst01",1980,1,"OAK","AL",33,0,0,0,0,0,0,0,0,0,0,0,"0","0","0","0","0"
"546","mcclubo01",1980,1,"ML4","AL",52,0,0,0,0,0,0,0,0,0,0,0,"0","0","0","0","0"
"547","mccordo01",1980,1,"PHI","NL",2,1,0,1,0,0,0,0,0,0,0,0,"0","0","0","0","0"
"548","mccovwi01",1980,1,"SFN","NL",48,113,8,23,8,0,1,16,0,0,13,23,"2","1","0","3","3"
"549","mcgloly01",1980,1,"CHN","NL",41,51,6,10,4,0,0,1,0,0,4,8,"0","0","8","0","1"
"550","mcgratu01",1980,1,"PHI","NL",57,8,0,2,0,0,0,1,0,0,0,2,"0","0","3","0","0"
"551","mcgresc01",1980,1,"BAL","AL",37,0,0,0,0,0,0,0,0,0,0,0,"0","0","0","0","0"
"552","mckayda01",1980,1,"OAK","AL",123,295,29,72,16,1,1,29,1,1,10,57,"0","6","11","0","4"
"553","mclauby01",1980,1,"SEA","AL",45,0,0,0,0,0,0,0,0,0,0,0,"0","0","0","0","0"
"554","mclaujo01",1980,1,"TOR","AL",55,0,0,0,0,0,0,0,0,0,0,0,"0","0","0","0","0"
"555","mcraeha01",1980,1,"KCA","AL",124,489,73,145,39,5,14,83,10,2,29,56,"4","8","0","6","13"
"556","mcwilla01",1980,1,"ATL","NL",30,51,3,8,0,0,0,1,0,0,5,24,"0","0","4","0","0"
"557","medicdo01",1980,1,"TEX","AL",35,0,0,0,0,0,0,0,0,0,0,0,"0","0","0","0","0"
"558","mejiasa01",1980,1,"CIN","NL",71,108,16,30,5,1,1,10,4,2,6,13,"0","1","2","0","1"
"559","mendoma01",1980,1,"SEA","AL",114,277,27,68,6,3,2,14,3,4,16,42,"0","0","11","1","5"
"560","metzgro01",1980,1,"SFN","NL",28,27,5,2,0,0,0,0,0,0,3,2,"0","0","1","0","2"
"561","meyerda01",1980,1,"SEA","AL",146,531,56,146,25,6,11,71,8,4,31,42,"4","1","4","3","11"
"562","milbola01",1980,1,"SEA","AL",106,258,31,68,6,6,0,26,7,6,19,13,"4","1","15","3","8"
"563","milledy01",1980,1,"NYN","NL",31,1,0,0,0,0,0,0,0,0,0,0,"0","0","1","0","0"
"564","milleed04",1980,1,"ATL","NL",11,19,3,3,0,0,0,0,1,2,0,5,"0","0","0","0","0"
"565","milleri01",1980,1,"CAL","AL",129,412,52,113,14,3,2,38,7,3,48,71,"4","1","6","3","3"
"566","millsbr01",1980,1,"MON","NL",21,60,1,18,1,0,0,8,0,1,5,6,"1","0","0","1","0"
"567","milneed01",1980,1,"CIN","NL",6,3,1,0,0,0,0,0,0,0,0,0,"0","0","0","0","0"
"568","milnejo01",1980,1,"PIT","NL",114,238,31,58,6,0,8,34,2,2,52,29,"2","0","1","1","5"
"569","minetcr01",1980,1,"OAK","AL",7,0,0,0,0,0,0,0,0,0,0,0,"0","0","0","0","0"
"570","minosmi01",1980,1,"CHA","AL",2,2,0,0,0,0,0,0,0,0,0,0,"0","0","0","0","0"
"571","mintogr01",1980,1,"SFN","NL",68,8,0,1,0,0,0,1,0,0,0,3,"0","1","2","0","0"
"572","mirabpa01",1980,1,"TOR","AL",33,0,0,0,0,0,0,0,0,0,0,0,"0","0","0","0","0"
"573","mitchbo03",1980,1,"LAN","NL",9,3,1,1,0,0,0,0,0,0,1,0,"0","0","0","0","0"
"574","mitchpa01",1980,1,"ML4","AL",17,0,0,0,0,0,0,0,0,0,0,0,"0","0","0","0","0"
"575","moffira01",1980,1,"SFN","NL",13,1,0,0,0,0,0,0,0,0,0,1,"0","0","0","0","0"
"576","molinbo01",1980,1,"CHA","AL",119,344,48,100,16,4,5,36,18,7,26,29,"7","7","2","5","4"
"577","molitpa01",1980,1,"ML4","AL",111,450,81,137,29,2,9,37,34,7,48,48,"4","3","6","5","9"
"578","mondari01",1980,1,"LAN","NL",96,194,35,52,7,1,10,25,2,2,28,49,"3","1","0","0","1"
"579","moneydo01",1980,1,"ML4","AL",86,289,39,74,17,1,17,46,0,0,40,36,"0","1","6","0","4"
"580","mongesi01",1980,1,"CLE","AL",67,0,0,0,0,0,0,0,0,0,0,0,"0","0","0","0","0"
"581","montajo01",1980,1,"CAL","AL",37,0,0,0,0,0,0,0,0,0,0,0,"0","0","0","0","0"
"582","montawi01",1980,1,"SDN","NL",128,481,39,132,12,4,6,63,3,4,36,52,"9","3","0","6","9"
"583","montawi01",1980,2,"MON","NL",14,19,1,4,0,0,0,1,0,1,3,3,"1","0","0","0","0"
"584","montejo01",1980,1,"SFN","NL",22,30,1,1,0,0,0,0,0,0,1,12,"0","1","3","0","0"
"585","mooreba02",1980,1,"TOR","AL",31,0,0,0,0,0,0,0,0,0,0,0,"0","0","0","0","0"
"586","moorech02",1980,1,"ML4","AL",111,320,42,93,13,2,2,30,10,5,24,28,"2","0","8","4","7"
"587","mooredo01",1980,1,"SLN","NL",11,4,1,3,1,0,0,2,0,0,0,0,"0","0","2","0","0"
"588","mooreju01",1980,1,"CHA","AL",45,121,9,31,4,1,1,10,0,2,7,11,"0","0","1","1","5"
"589","moraan01",1980,1,"CLE","AL",9,18,0,2,0,0,0,0,0,0,0,0,"0","0","0","0","0"
"590","moralje01",1980,1,"NYN","NL",94,193,19,49,7,1,3,30,2,3,13,31,"2","1","1","8","2"
"591","moraljo01",1980,1,"MIN","AL",97,241,36,73,17,2,8,36,0,0,22,19,"4","1","3","2","11"
"592","morelke01",1980,1,"PHI","NL",62,159,13,50,8,0,4,29,3,1,8,14,"2","0","1","3","6"
"593","morenjo01",1980,1,"NYN","NL",37,46,6,9,2,1,2,9,1,0,3,12,"2","0","1","1","1"
"594","morenom01",1980,1,"PIT","NL",162,676,87,168,20,13,2,36,96,33,57,101,"11","2","3","7","9"
"595","morgajo02",1980,1,"HOU","NL",141,461,66,112,17,5,11,49,24,6,93,47,"6","0","3","5","4"
"596","morrija02",1980,1,"DET","AL",44,0,0,0,0,0,0,0,0,0,0,0,"0","0","0","0","0"
"597","morriji01",1980,1,"CHA","AL",162,604,66,171,40,0,15,57,9,6,36,74,"2","8","12","6","19"
"598","mosebll01",1980,1,"TOR","AL",114,389,44,89,24,1,9,46,4,6,25,85,"4","4","10","2","11"
"599","moskapa01",1980,1,"CIN","NL",33,44,4,7,1,0,0,1,0,0,1,10,"0","0","8","0","0"
"600","motama01",1980,1,"LAN","NL",7,7,0,3,0,0,0,2,0,0,0,0,"0","0","0","0","1"
"601","mullifr01",1980,1,"CHA","AL",21,62,9,12,4,0,0,3,0,1,9,8,"0","0","0","1","3"
"602","mullira01",1980,1,"KCA","AL",36,54,8,14,3,0,0,6,0,0,7,10,"0","0","0","1","2"
"603","mumphje01",1980,1,"SDN","NL",160,564,61,168,24,3,4,59,52,5,49,90,"4","0","5","4","18"
"604","munnisc01",1980,1,"PHI","NL",4,1,1,1,0,1,0,0,0,0,0,0,"0","0","0","0","0"
"605","murast01",1980,1,"SDN","NL",39,51,3,7,2,0,0,8,0,0,3,21,"0","0","0","0","0"
"606","murcebo01",1980,1,"NYA","AL",100,297,41,80,9,1,13,57,2,0,34,28,"2","2","3","9","9"
"607","murphda05",1980,1,"ATL","NL",156,569,98,160,27,2,33,89,9,6,59,133,"9","1","2","2","8"
"608","murphdw01",1980,1,"OAK","AL",159,573,86,157,18,2,13,68,26,15,102,96,"7","2","22","3","12"
"609","murrada01",1980,1,"MON","NL",16,3,0,0,0,0,0,0,0,0,0,1,"0","0","0","0","0"
"610","murraed02",1980,1,"BAL","AL",158,621,100,186,36,2,32,116,7,2,54,71,"10","2","0","6","18"
"611","murrari01",1980,1,"SFN","NL",53,194,19,42,8,2,4,24,2,1,11,48,"1","0","1","0","8"
"612","nahorbi01",1980,1,"ATL","NL",59,157,14,38,12,0,5,18,0,2,8,21,"1","2","0","0","5"
"613","narroje01",1980,1,"SEA","AL",48,107,7,21,3,0,4,18,0,0,13,18,"2","0","1","2","2"
"614","nastuph01",1980,1,"SFN","NL",6,0,0,0,0,0,0,0,0,0,0,0,"0","0","0","0","0"
"615","nettlgr01",1980,1,"NYA","AL",89,324,52,79,14,0,16,45,0,0,42,42,"5","1","0","2","8"
"616","newmaje01",1980,1,"OAK","AL",127,438,37,102,19,1,15,56,3,4,25,81,"8","1","5","5","10"
"617","nichore01",1980,1,"BOS","AL",12,36,5,8,0,1,0,3,0,1,3,8,"0","0","0","0","0"
"618","nicosst01",1980,1,"PIT","NL",60,176,16,38,8,0,1,22,0,1,19,16,"5","1","2","3","6"
"619","niekrjo01",1980,1,"HOU","NL",37,80,7,22,5,0,0,10,0,0,4,15,"0","0","18","0","2"
"620","niekrph01",1980,1,"ATL","NL",40,90,2,12,5,0,0,5,0,0,1,19,"0","0","5","0","2"
"621","niemara01",1980,1,"HOU","NL",22,6,0,2,0,0,0,0,0,0,0,0,"0","0","0","0","1"
"622","nolanjo01",1980,1,"ATL","NL",17,22,2,6,1,0,0,2,0,0,2,4,"0","0","0","0","1"
"623","nolanjo01",1980,2,"CIN","NL",53,154,14,48,7,0,3,24,0,0,13,8,"0","0","3","6","3"
"624","nolesdi01",1980,1,"PHI","NL",48,13,1,4,0,0,0,2,0,0,0,5,"0","0","2","0","0"
"625","nordhwa01",1980,1,"CHA","AL",123,415,45,115,22,4,15,59,0,1,10,45,"3","1","0","2","13"
"626","normada01",1980,1,"NYN","NL",69,92,5,17,1,1,2,9,5,0,6,14,"0","0","0","0","1"
"627","normafr01",1980,1,"MON","NL",48,20,1,1,0,0,0,0,0,0,0,4,"0","0","2","0","0"
"628","normane01",1980,1,"TEX","AL",17,32,4,7,0,0,0,1,0,1,1,1,"0","0","1","0","2"
"629","norriji01",1980,1,"TEX","AL",119,174,23,43,5,0,0,16,6,3,23,16,"2","0","3","5","11"
"630","norrimi01",1980,1,"OAK","AL",33,0,0,0,0,0,0,0,0,0,0,0,"0","0","0","0","0"
"631","northbi01",1980,1,"SFN","NL",128,415,73,104,12,1,1,19,45,19,81,78,"5","1","2","1","4"
"632","norwowi01",1980,1,"MIN","AL",34,73,6,12,2,0,1,8,1,1,3,13,"0","0","0","0","3"
"633","oatesjo01",1980,1,"NYA","AL",39,64,6,12,3,0,1,3,1,2,2,3,"0","1","0","0","1"
"634","oberkke01",1980,1,"SLN","NL",116,422,58,128,27,6,3,46,4,4,51,23,"8","1","9","3","11"
"635","oberrmi01",1980,1,"CHN","NL",19,48,7,10,1,0,0,5,0,0,5,13,"0","0","2","2","0"
"636","oestero01",1980,1,"CIN","NL",100,303,40,84,16,2,2,20,6,2,26,44,"7","1","5","0","7"
"637","officro01",1980,1,"MON","NL",116,292,36,78,13,4,6,30,3,3,36,39,"1","0","3","4","5"
"638","oglivbe01",1980,1,"ML4","AL",156,592,94,180,26,2,41,118,11,9,54,71,"19","5","0","9","5"
"639","ojedabo01",1980,1,"BOS","AL",7,0,0,0,0,0,0,0,0,0,0,0,"0","0","0","0","0"
"640","oliveal01",1980,1,"TEX","AL",163,656,96,209,43,3,19,117,5,7,39,47,"9","5","1","8","14"
"641","olmstal01",1980,1,"SLN","NL",5,11,0,2,0,0,0,1,0,0,0,3,"0","0","2","0","0"
"642","ontivst01",1980,1,"CHN","NL",31,77,7,16,3,0,1,3,0,0,14,17,"1","0","0","0","1"
"643","ortajo01",1980,1,"CLE","AL",129,481,78,140,18,3,10,64,6,5,71,44,"2","2","2","8","8"
"644","otisam01",1980,1,"KCA","AL",107,394,56,99,16,3,10,53,16,1,39,70,"0","3","2","10","9"
"645","otted01",1980,1,"PIT","NL",120,392,35,102,14,0,8,41,1,6,33,47,"8","0","4","1","9"
"646","ottenji01",1980,1,"SLN","NL",31,5,0,1,0,0,0,0,0,0,0,1,"0","0","0","0","0"
"647","owchibo01",1980,1,"CLE","AL",29,0,0,0,0,0,0,0,0,0,0,0,"0","0","0","0","0"
"648","paceljo01",1980,1,"NYN","NL",32,20,0,2,1,0,0,1,0,0,0,7,"0","0","2","0","0"
"649","pacioto01",1980,1,"SEA","AL",126,418,44,114,19,1,15,59,3,2,17,67,"1","1","3","2","13"
"650","pagemi02",1980,1,"OAK","AL",110,348,58,85,10,4,17,51,14,7,35,87,"3","1","4","5","9"
"651","palmeda01",1980,1,"MON","NL",25,45,3,9,2,0,0,3,0,0,2,15,"0","0","2","0","0"
"652","palmeji01",1980,1,"BAL","AL",37,0,0,0,0,0,0,0,0,0,0,0,"0","0","0","0","0"
"653","papist01",1980,1,"BOS","AL",1,0,0,0,0,0,0,0,0,0,0,0,"0","0","0","0","0"
"654","papist01",1980,2,"DET","AL",46,114,12,27,3,4,3,17,0,0,5,24,"0","0","2","1","3"
"655","parkeda01",1980,1,"PIT","NL",139,518,71,153,31,1,17,79,10,7,25,69,"5","2","0","5","8"
"656","parrila01",1980,1,"MON","NL",126,452,55,115,27,3,15,72,2,6,36,80,"6","4","1","8","12"
"657","parrila02",1980,1,"DET","AL",144,553,79,158,34,6,24,82,6,4,31,109,"3","3","2","3","24"
"658","parromi01",1980,1,"SEA","AL",27,0,0,0,0,0,0,0,0,0,0,0,"0","0","0","0","0"
"659","pastofr01",1980,1,"CIN","NL",27,64,0,10,0,0,0,5,0,0,3,23,"0","0","6","0","2"
"660","patebo01",1980,1,"MON","NL",23,39,3,10,2,0,0,5,0,1,3,6,"0","0","1","2","0"
"661","patekfr01",1980,1,"CAL","AL",86,273,41,72,10,5,5,34,7,6,15,26,"1","1","8","2","11"
"662","pattima01",1980,1,"KCA","AL",37,0,0,0,0,0,0,0,0,0,0,0,"0","0","0","0","0"
"663","paxtomi01",1980,1,"CLE","AL",4,0,0,0,0,0,0,0,0,0,0,0,"0","0","0","0","0"
"664","penato01",1980,1,"PIT","NL",8,21,1,9,1,1,0,1,0,1,0,4,"0","0","0","0","1"
"665","percoja01",1980,1,"LAN","NL",14,17,2,4,0,0,0,2,3,0,2,1,"0","0","2","0","1"
"666","perezpa01",1980,1,"PIT","NL",2,4,1,1,0,0,0,0,0,0,0,2,"0","0","0","0","0"
"667","perezto01",1980,1,"BOS","AL",151,585,73,161,31,3,25,105,1,0,41,93,"11","1","0","8","25"
"668","perkibr01",1980,1,"SDN","NL",43,100,18,37,9,0,2,14,2,1,11,10,"1","0","0","0","0"
"669","perryga01",1980,1,"TEX","AL",24,0,0,0,0,0,0,0,0,0,0,0,"0","0","0","0","0"
"670","perryga01",1980,2,"NYA","AL",10,0,0,0,0,0,0,0,0,0,0,0,"0","0","0","0","0"
"671","peterri01",1980,1,"DET","AL",133,477,79,139,19,7,2,42,13,7,54,48,"2","6","7","2","17"
"672","petryda01",1980,1,"DET","AL",27,0,0,0,0,0,0,0,0,0,0,0,"0","0","0","0","0"
"673","pettijo01",1980,1,"SFN","NL",63,190,19,44,3,1,1,9,5,2,17,33,"1","0","11","0","3"
"674","phelpke01",1980,1,"KCA","AL",3,4,0,0,0,0,0,0,0,0,0,2,"0","0","0","0","0"
"675","phillmi01",1980,1,"SLN","NL",63,128,13,30,5,0,0,7,0,0,9,17,"3","0","0","1","7"
"676","picciro01",1980,1,"OAK","AL",95,271,32,65,9,2,5,18,1,1,2,63,"0","0","8","0","6"
"677","pinielo01",1980,1,"NYA","AL",116,321,39,92,18,0,2,27,0,2,29,20,"5","0","2","3","17"
"678","pladsgo01",1980,1,"HOU","NL",12,10,1,0,0,0,0,0,0,0,1,5,"0","0","0","0","0"
"679","pocorbi01",1980,1,"ATL","NL",70,83,7,22,4,0,2,8,1,0,11,11,"0","0","1","1","2"
"680","poffjo01",1980,1,"ML4","AL",19,68,7,17,1,2,1,7,0,0,3,7,"2","0","0","0","1"
"681","porteda02",1980,1,"KCA","AL",118,418,51,104,14,2,7,51,1,1,69,50,"5","2","0","6","10"
"682","powelho01",1980,1,"MIN","AL",137,485,58,127,17,5,6,35,14,3,32,46,"2","3","3","0","14"
"683","pricejo02",1980,1,"CIN","NL",24,39,1,5,0,0,0,0,0,0,0,6,"0","0","3","0","1"
"684","prolymi01",1980,1,"CHA","AL",62,0,0,0,0,0,0,0,0,0,0,0,"0","0","0","0","0"
"685","pruitro01",1980,1,"CLE","AL",23,36,1,11,1,0,0,4,0,0,4,6,"0","0","1","1","1"
"686","pruitro01",1980,2,"CHA","AL",33,70,8,21,2,0,2,11,0,0,8,7,"1","0","1","0","4"
"687","pryorgr01",1980,1,"CHA","AL",122,338,32,81,18,4,1,29,2,2,12,35,"0","2","9","6","10"
"688","puhlte01",1980,1,"HOU","NL",141,535,75,151,24,5,13,55,27,11,60,52,"3","4","6","3","3"
"689","pujollu01",1980,1,"HOU","NL",78,221,15,44,6,1,0,20,0,0,13,29,"3","1","1","2","5"
"690","putnapa01",1980,1,"TEX","AL",147,410,42,108,16,2,13,55,0,2,36,49,"6","0","3","5","13"
"691","quirkja01",1980,1,"KCA","AL",62,163,13,45,5,0,5,21,3,2,7,24,"2","1","3","3","7"
"692","quiseda01",1980,1,"KCA","AL",75,0,0,0,0,0,0,0,0,0,0,0,"0","0","0","0","0"
"693","raderda01",1980,1,"BOS","AL",50,137,14,45,11,0,3,17,1,1,14,12,"1","0","0","1","4"
"694","rainech01",1980,1,"BOS","AL",16,0,0,0,0,0,0,0,0,0,0,0,"0","0","0","0","0"
"695","raineti01",1980,1,"MON","NL",15,20,5,1,0,0,0,0,5,0,6,3,"0","0","1","0","0"
"696","rajsida01",1980,1,"TEX","AL",24,0,0,0,0,0,0,0,0,0,0,0,"0","0","0","0","0"
"697","ramirma01",1980,1,"NYN","NL",18,24,2,5,0,0,0,0,0,0,1,7,"0","0","1","0","1"
"698","ramirra01",1980,1,"ATL","NL",50,165,17,44,6,1,2,11,2,1,2,33,"0","4","3","0","2"
"699","ramosbo01",1980,1,"MON","NL",13,32,5,5,2,0,0,2,0,0,5,5,"0","0","0","0","1"
"700","ramosdo01",1980,1,"TOR","AL",5,16,0,2,0,0,0,0,0,0,2,5,"0","0","0","0","0"
"701","ramsemi01",1980,1,"SLN","NL",59,126,11,33,8,1,0,8,0,0,3,17,"2","0","0","0","2"
"702","randabo01",1980,1,"MIN","AL",5,15,2,3,1,0,0,0,0,0,1,0,"0","0","0","0","1"
"703","randlle01",1980,1,"CHN","NL",130,489,67,135,19,6,5,39,19,13,50,55,"2","1","7","2","13"
"704","randowi01",1980,1,"NYA","AL",138,513,99,151,23,7,7,46,30,5,119,45,"4","2","5","3","6"
"705","rasmuer01",1980,1,"SDN","NL",40,21,0,2,2,0,0,0,0,0,0,8,"0","0","6","0","0"
"706","ratzest01",1980,1,"MON","NL",1,1,0,0,0,0,0,0,0,0,0,0,"0","0","0","0","0"
"707","rawlesh01",1980,1,"SEA","AL",59,0,0,0,0,0,0,0,0,0,0,0,"0","0","0","0","0"
"708","rayfofl01",1980,1,"BAL","AL",8,18,1,4,0,0,0,1,0,0,0,5,"0","0","0","0","1"
"709","reardje01",1980,1,"NYN","NL",61,8,0,0,0,0,0,0,0,0,1,6,"0","0","0","0","0"
"710","redfepe01",1980,1,"MIN","AL",23,0,0,0,0,0,0,0,0,0,0,0,"0","0","0","0","0"
"711","reedro01",1980,1,"PHI","NL",55,10,0,3,1,0,0,0,0,0,0,2,"0","0","0","0","0"
"712","reitzke01",1980,1,"SLN","NL",151,523,39,141,33,0,8,58,0,1,22,44,"5","3","8","5","16"
"713","remmewi01",1980,1,"BOS","AL",14,0,0,0,0,0,0,0,0,0,0,0,"0","0","0","0","0"
"714","remyje01",1980,1,"BOS","AL",63,230,24,72,7,2,0,9,14,6,10,14,"0","0","7","2","6"
"715","renkost01",1980,1,"BOS","AL",32,0,0,0,0,0,0,0,0,0,0,0,"0","0","0","0","0"
"716","retteme01",1980,1,"CAL","AL",2,4,0,1,0,0,0,0,0,0,1,1,"0","0","0","0","0"
"717","reuscri01",1980,1,"CHN","NL",44,82,4,13,3,1,0,5,0,0,1,23,"0","0","10","0","0"
"718","reussje01",1980,1,"LAN","NL",37,68,4,6,1,0,1,3,0,0,6,25,"0","0","4","0","0"
"719","reverda01",1980,1,"OAK","AL",106,376,48,109,21,5,15,62,1,0,32,37,"6","0","2","2","6"
"720","reynocr01",1980,1,"HOU","NL",137,381,34,86,9,6,3,28,2,1,20,39,"1","0","13","4","4"
"721","rhoderi01",1980,1,"PIT","NL",20,40,3,15,3,0,1,11,0,0,1,2,"0","0","4","0","0"
"722","riceji01",1980,1,"BOS","AL",124,504,81,148,22,6,24,86,8,3,30,87,"5","4","1","3","16"
"723","richage01",1980,1,"SDN","NL",158,642,91,193,26,8,4,41,61,16,61,73,"7","2","7","0","9"
"724","richajr01",1980,1,"HOU","NL",17,39,2,6,2,0,1,3,0,0,0,15,"0","0","4","0","0"
"725","richami01",1980,1,"TEX","AL",22,71,2,16,2,0,0,8,0,0,1,7,"0","0","0","0","1"
"726","rileyge01",1980,1,"CHN","NL",22,1,0,0,0,0,0,0,0,0,0,0,"0","0","1","0","0"
"727","rincoan01",1980,1,"SLN","NL",4,12,0,3,0,0,0,1,0,0,0,5,"0","0","1","0","1"
"728","ripleal01",1980,1,"SFN","NL",23,40,2,6,0,1,0,2,0,0,1,14,"0","0","3","0","1"
"729","riverbo01",1980,1,"MIN","AL",44,113,13,25,7,0,3,10,0,0,4,20,"0","0","0","0","4"
"730","rivermi01",1980,1,"TEX","AL",147,630,96,210,32,6,7,60,18,7,20,34,"1","1","6","4","4"
"731","robbibr01",1980,1,"DET","AL",15,0,0,0,0,0,0,0,0,0,0,0,"0","0","0","0","0"
"732","roberbe01",1980,1,"HOU","NL",14,3,0,0,0,0,0,0,0,0,0,2,"0","0","1","0","1"
"733","roberda05",1980,1,"PIT","NL",2,0,0,0,0,0,0,0,0,0,0,0,"0","0","0","0","0"
"734","roberda05",1980,2,"SEA","AL",37,0,0,0,0,0,0,0,0,0,0,0,"0","0","0","0","0"
"735","roberda06",1980,1,"TEX","AL",101,235,27,56,4,0,10,30,0,1,13,38,"2","1","1","1","5"
"736","roberle01",1980,1,"SEA","AL",119,374,48,94,18,3,10,33,8,4,43,59,"1","1","3","6","12"
"737","robinbi02",1980,1,"PIT","NL",100,272,28,78,10,1,12,36,1,4,15,45,"2","0","3","4","9"
"738","robinbr02",1980,1,"NYA","AL",4,5,0,0,0,0,0,0,0,0,0,4,"0","0","0","0","0"
"739","robinde01",1980,1,"CHA","AL",15,0,0,0,0,0,0,0,0,0,0,0,"0","0","0","0","0"
"740","robindo01",1980,1,"PIT","NL",30,57,4,19,4,0,1,8,0,1,0,12,"0","0","0","0","0"
"741","rodriau01",1980,1,"SDN","NL",89,175,7,35,7,2,2,13,1,1,6,26,"0","0","2","0","5"
"742","rodriau01",1980,2,"NYA","AL",52,164,14,36,6,1,3,14,0,0,7,35,"1","0","11","0","7"
"743","roeniga01",1980,1,"BAL","AL",118,297,40,71,13,0,10,28,2,0,41,49,"5","6","2","3","10"
"744","rogerst01",1980,1,"MON","NL",38,81,7,13,0,0,0,7,0,0,10,28,"0","0","15","0","0"
"745","romered01",1980,1,"ML4","AL",42,104,20,27,7,0,1,10,2,0,9,11,"0","0","2","0","3"
"746","romoen01",1980,1,"PIT","NL",75,11,2,5,0,0,1,4,0,0,2,2,"0","0","2","0","0"
"747","rookeji01",1980,1,"PIT","NL",4,7,1,1,0,0,1,2,0,0,0,2,"0","0","1","0","0"
"748","rosadlu01",1980,1,"NYN","NL",2,4,0,0,0,0,0,0,0,0,0,1,"0","0","0","0","1"
"749","roselda01",1980,1,"CLE","AL",71,117,16,29,3,0,2,12,0,0,9,19,"0","0","2","3","2"
"750","rosepe01",1980,1,"PHI","NL",162,655,95,185,42,1,1,64,12,8,66,33,"5","6","4","4","13"
"751","rowlami01",1980,1,"SFN","NL",19,0,0,0,0,0,0,0,0,0,0,0,"0","0","0","0","0"
"752","roystje01",1980,1,"ATL","NL",123,392,42,95,17,5,1,20,22,13,37,48,"1","1","4","1","6"
"753","rozemda01",1980,1,"DET","AL",42,0,0,0,0,0,0,0,0,0,0,0,"0","0","0","0","0"
"754","rudijo01",1980,1,"CAL","AL",104,372,42,88,17,1,16,53,1,0,17,84,"2","5","2","3","10"
"755","ruhleve01",1980,1,"HOU","NL",28,49,7,12,3,0,0,2,0,0,4,15,"0","0","4","0","2"
"756","ruizch02",1980,1,"ATL","NL",25,26,3,8,2,1,0,2,0,1,3,7,"0","0","0","0","0"
"757","russebi01",1980,1,"LAN","NL",130,466,38,123,23,2,3,34,13,2,18,44,"0","3","12","1","6"
"758","ruthvdi01",1980,1,"PHI","NL",33,68,7,16,5,1,0,8,1,1,2,22,"0","0","12","0","1"
"759","ryanno01",1980,1,"HOU","NL",35,70,5,6,0,0,1,6,0,1,7,29,"0","0","5","1","0"
"760","sadekmi01",1980,1,"SFN","NL",64,151,14,38,4,1,1,16,0,0,27,18,"6","0","4","1","3"
"761","sakatle01",1980,1,"BAL","AL",43,83,12,16,3,2,1,9,2,1,6,10,"0","0","0","1","3"
"762","salazlu01",1980,1,"SDN","NL",44,169,28,57,4,7,1,25,11,2,9,25,"1","1","3","1","4"
"763","sambijo01",1980,1,"HOU","NL",64,9,0,0,0,0,0,0,0,0,1,5,"0","0","0","0","0"
"764","samplbi01",1980,1,"TEX","AL",99,204,29,53,10,0,4,19,8,5,18,15,"2","6","4","2","4"
"765","sandesc01",1980,1,"MON","NL",33,64,3,5,3,0,0,1,0,0,2,33,"0","0","8","0","1"
"766","sanguma01",1980,1,"PIT","NL",47,48,2,12,3,0,0,2,3,2,3,1,"2","0","2","0","1"
"767","sarmima01",1980,1,"SEA","AL",9,0,0,0,0,0,0,0,0,0,0,0,"0","0","0","0","0"
"768","saucike01",1980,1,"PHI","NL",40,8,0,0,0,0,0,0,0,0,0,4,"0","0","0","0","0"
"769","scarbra02",1980,1,"CHA","AL",15,0,0,0,0,0,0,0,0,0,0,0,"0","0","0","0","0"
"770","schatda01",1980,1,"DET","AL",32,0,0,0,0,0,0,0,0,0,0,0,"0","0","0","0","0"
"771","schmimi01",1980,1,"PHI","NL",150,548,104,157,25,8,48,121,12,5,89,119,"10","2","0","13","6"
"772","schroke01",1980,1,"TOR","AL",18,0,0,0,0,0,0,0,0,0,0,0,"0","0","0","0","0"
"773","schulda01",1980,1,"CAL","AL",8,0,0,0,0,0,0,0,0,0,0,0,"0","0","0","0","0"
"774","sciosmi01",1980,1,"LAN","NL",54,134,8,34,5,1,1,8,1,0,12,9,"2","0","5","1","2"
"775","scottmi03",1980,1,"NYN","NL",6,9,0,1,0,0,0,1,0,0,2,5,"0","0","0","0","0"
"776","scottro01",1980,1,"MON","NL",154,567,84,127,13,13,0,46,63,13,70,75,"0","1","11","6","10"
"777","scottto01",1980,1,"SLN","NL",143,415,51,104,19,3,0,28,22,10,35,68,"9","1","5","4","8"
"778","scurrro01",1980,1,"PIT","NL",20,4,0,1,0,0,0,0,0,0,0,1,"0","0","0","0","0"
"779","seamaki01",1980,1,"SLN","NL",26,1,0,0,0,0,0,0,0,0,0,1,"0","0","0","0","0"
"780","seaveto01",1980,1,"CIN","NL",26,46,5,6,3,0,0,3,0,0,7,17,"0","0","7","0","0"
"781","seilhri01",1980,1,"CHA","AL",21,52,4,11,3,1,1,3,1,0,4,15,"1","0","1","0","0"
"782","sherrde01",1980,1,"NYA","AL",3,4,0,1,0,0,0,0,0,0,0,1,"0","0","0","0","1"
"783","shirlbo01",1980,1,"SDN","NL",59,30,3,1,0,0,0,1,0,0,3,15,"0","0","4","0","0"
"784","simmote01",1980,1,"SLN","NL",145,495,84,150,33,2,21,98,1,0,59,45,"13","2","0","6","13"
"785","simpsjo01",1980,1,"SEA","AL",129,365,42,91,15,3,3,34,17,4,28,43,"3","1","12","3","6"
"786","singlke01",1980,1,"BAL","AL",156,583,85,177,28,3,24,104,0,2,92,94,"1","1","0","4","19"
"787","sizemte01",1980,1,"BOS","AL",9,23,1,5,1,0,0,0,0,0,0,0,"0","0","0","0","1"
"788","skaggda01",1980,1,"BAL","AL",2,5,0,1,0,0,0,0,0,0,0,1,"0","0","0","0","0"
"789","skaggda01",1980,2,"CAL","AL",24,66,7,13,0,0,1,9,0,0,9,13,"0","0","1","1","1"
"790","slatoji01",1980,1,"ML4","AL",3,0,0,0,0,0,0,0,0,0,0,0,"0","0","0","0","0"
"791","smallro02",1980,1,"MIN","AL",133,486,64,135,24,1,12,63,3,3,65,63,"4","2","2","9","15"
"792","smithda02",1980,1,"HOU","NL",57,12,0,0,0,0,0,0,0,0,0,4,"0","0","2","0","0"
"793","smithke01",1980,1,"SLN","NL",24,31,3,4,1,0,0,2,0,0,2,2,"1","0","0","0","2"
"794","smithle02",1980,1,"CHN","NL",18,0,0,0,0,0,0,0,0,0,0,0,"0","0","0","0","0"
"795","smithlo01",1980,1,"PHI","NL",100,298,69,101,14,4,3,20,33,13,26,48,"2","4","1","2","5"
"796","smithoz01",1980,1,"SDN","NL",158,609,67,140,18,5,0,35,57,15,71,49,"1","5","23","4","9"
"797","smithre06",1980,1,"LAN","NL",92,311,47,100,13,0,15,55,5,6,41,63,"1","1","0","9","4"
"798","soderer01",1980,1,"NYA","AL",95,275,38,79,13,1,11,35,0,0,27,25,"2","1","1","0","9"
"799","sofieri01",1980,1,"MIN","AL",131,417,52,103,18,4,9,49,4,5,24,92,"2","2","9","7","3"
"800","solomed01",1980,1,"PIT","NL",27,32,3,7,2,0,0,1,0,0,0,11,"0","0","3","0","1"
"801","sorenla01",1980,1,"ML4","AL",35,0,0,0,0,0,0,0,0,0,0,0,"0","0","0","0","0"
"802","sosael01",1980,1,"MON","NL",67,11,0,1,0,0,0,1,0,0,0,6,"0","0","1","0","0"
"803","sotoma01",1980,1,"CIN","NL",54,46,3,2,0,0,0,0,0,0,0,16,"0","0","8","0","0"
"804","souzama01",1980,1,"OAK","AL",5,0,0,0,0,0,0,0,0,0,0,0,"0","0","0","0","0"
"805","speiech01",1980,1,"MON","NL",128,388,35,103,14,4,1,32,0,3,52,38,"18","0","6","1","10"
"806","spencji01",1980,1,"NYA","AL",97,259,38,61,9,0,13,43,1,0,30,44,"2","1","1","4","7"
"807","spikech01",1980,1,"ATL","NL",41,36,6,10,1,0,0,2,0,0,3,18,"2","1","0","0","0"
"808","spillda01",1980,1,"CLE","AL",34,0,0,0,0,0,0,0,0,0,0,0,"0","0","0","0","0"
"809","spilmha01",1980,1,"CIN","NL",65,101,14,27,4,0,4,19,0,0,9,19,"1","1","1","2","2"
"810","splitpa01",1980,1,"KCA","AL",34,0,0,0,0,0,0,0,0,0,0,0,"0","0","0","0","0"
"811","sprowbo01",1980,1,"HOU","NL",1,0,0,0,0,0,0,0,0,0,0,0,"0","0","0","0","0"
"812","squirmi01",1980,1,"CHA","AL",131,343,38,97,11,3,2,33,8,9,33,24,"1","1","11","0","6"
"813","stablge01",1980,1,"SDN","NL",4,3,0,0,0,0,0,0,0,0,0,2,"0","1","0","0","0"
"814","stanhdo01",1980,1,"LAN","NL",21,2,0,0,0,0,0,0,0,0,1,0,"0","0","0","0","0"
"815","stanlbo01",1980,1,"BOS","AL",52,0,0,0,0,0,0,0,0,0,0,0,"0","0","0","0","0"
"816","stanlfr01",1980,1,"NYA","AL",49,86,13,18,3,0,0,5,0,0,5,5,"0","2","1","1","0"
"817","stantmi01",1980,1,"CLE","AL",51,0,0,0,0,0,0,0,0,0,0,0,"0","0","0","0","0"
"818","staplda01",1980,1,"BOS","AL",106,449,61,144,33,5,7,45,3,2,13,32,"1","1","5","4","10"
"819","stargwi01",1980,1,"PIT","NL",67,202,28,53,10,1,11,38,0,0,26,52,"10","2","0","1","2"
"820","staubru01",1980,1,"TEX","AL",109,340,42,102,23,2,9,55,1,1,39,18,"3","2","1","6","16"
"821","stearjo01",1980,1,"NYN","NL",91,319,42,91,25,1,0,45,7,3,33,24,"1","1","2","8","5"
"822","stegmda01",1980,1,"DET","AL",65,130,12,23,5,0,2,9,1,1,14,23,"0","0","2","1","0"
"823","steinbi02",1980,1,"SEA","AL",67,198,16,53,5,1,5,27,1,1,16,25,"4","1","7","3","5"
"824","stembje01",1980,1,"SFN","NL",1,1,0,0,0,0,0,0,0,0,0,1,"0","0","0","0","0"
"825","stennre01",1980,1,"SFN","NL",120,397,34,97,13,2,2,37,4,4,22,31,"10","2","2","2","10"
"826","stewasa01",1980,1,"BAL","AL",33,0,0,0,0,0,0,0,0,0,0,0,"0","0","0","0","0"
"827","stiebda01",1980,1,"TOR","AL",36,1,0,0,0,0,0,0,0,0,0,0,"0","0","0","0","0"
"828","stimacr01",1980,1,"SDN","NL",20,50,5,11,2,0,0,7,0,0,1,6,"0","0","2","3","0"
"829","stinsbo01",1980,1,"SEA","AL",48,107,6,23,2,0,1,8,0,0,9,19,"0","1","2","2","2"
"830","stoddti01",1980,1,"BAL","AL",64,0,0,0,0,0,0,0,0,0,0,0,"0","0","0","0","0"
"831","stonest01",1980,1,"BAL","AL",49,0,0,0,0,0,0,0,0,0,0,0,"0","0","0","0","0"
"832","straijo01",1980,1,"SFN","NL",77,189,26,54,6,0,0,16,1,2,10,10,"0","0","7","1","8"
"833","sulargu01",1980,1,"SFN","NL",25,65,3,16,1,1,0,3,1,0,9,6,"1","0","2","1","2"
"834","summech01",1980,1,"DET","AL",120,347,61,103,19,1,17,60,4,3,52,52,"6","5","1","3","10"
"835","sundbji01",1980,1,"TEX","AL",151,505,59,138,24,1,10,63,2,2,64,67,"3","1","6","5","15"
"836","sutclri01",1980,1,"LAN","NL",44,27,1,4,0,0,0,3,0,0,2,5,"0","0","3","0","0"
"837","suthele01",1980,1,"CHA","AL",34,89,9,23,3,0,0,5,4,1,1,11,"1","0","1","1","2"
"838","suttebr01",1980,1,"CHN","NL",60,9,0,1,0,0,0,1,0,0,0,6,"0","0","1","0","0"
"839","suttodo01",1980,1,"LAN","NL",32,64,3,5,0,0,0,1,0,0,1,19,"0","0","8","0","4"
"840","swancr01",1980,1,"NYN","NL",21,32,1,7,0,0,0,5,0,0,4,13,"0","0","7","0","2"
"841","swishst01",1980,1,"SLN","NL",18,24,2,6,1,0,0,2,0,0,1,7,"0","0","0","0","2"
"842","sykesbo01",1980,1,"SLN","NL",27,39,2,4,0,0,0,2,0,0,1,14,"0","1","3","1","1"
"843","tamarjo01",1980,1,"MON","NL",37,51,4,14,3,0,1,13,0,0,6,5,"0","0","0","1","0"
"844","tananfr01",1980,1,"CAL","AL",32,0,0,0,0,0,0,0,0,0,0,0,"0","0","0","0","0"
"845","taverfr01",1980,1,"NYN","NL",141,562,65,157,27,0,0,25,32,18,23,64,"0","1","10","2","15"
"846","tekulke01",1980,1,"PIT","NL",78,9,0,0,0,0,0,0,0,0,1,7,"0","0","0","0","0"
"847","tellmto01",1980,1,"SDN","NL",6,8,0,1,0,0,0,1,0,0,0,5,"0","0","0","0","0"
"848","templga01",1980,1,"SLN","NL",118,504,83,161,19,9,4,43,31,15,18,43,"6","0","1","1","13"
"849","tenacge01",1980,1,"SDN","NL",133,316,46,70,11,1,17,50,4,4,92,63,"11","4","0","4","11"
"850","terreje01",1980,1,"KCA","AL",23,16,4,1,0,0,0,0,0,0,0,0,"0","0","0","0","0"
"851","thomade01",1980,1,"LAN","NL",117,297,32,79,18,3,1,22,7,9,26,48,"3","1","7","1","5"
"852","thomaga01",1980,1,"LAN","NL",80,111,6,24,3,0,1,12,0,0,17,26,"3","1","0","0","3"
"853","thomago01",1980,1,"ML4","AL",162,628,78,150,26,3,38,105,8,5,58,170,"4","2","3","6","7"
"854","thomaro02",1980,1,"SLN","NL",24,13,0,2,0,0,0,0,0,0,1,4,"0","0","0","0","0"
"855","thompja01",1980,1,"DET","AL",36,126,10,27,5,0,4,20,0,1,13,26,"1","1","0","2","4"
"856","thompja01",1980,2,"CAL","AL",102,312,59,99,14,0,17,70,2,0,70,60,"9","0","2","3","8"
"857","thompsc01",1980,1,"CHN","NL",102,226,26,48,10,1,2,13,6,6,28,31,"3","1","1","1","6"
"858","thondi01",1980,1,"CAL","AL",80,267,32,68,12,2,0,15,7,5,10,28,"0","1","5","2","5"
"859","tiantlu01",1980,1,"NYA","AL",25,0,0,0,0,0,0,0,0,0,0,0,"0","0","0","0","0"
"860","tidrodi01",1980,1,"CHN","NL",84,4,1,0,0,0,0,0,0,0,0,1,"0","0","0","0","0"
"861","tobikda01",1980,1,"DET","AL",17,0,0,0,0,0,0,0,0,0,0,0,"0","0","0","0","0"
"862","toddja01",1980,1,"TOR","AL",12,0,0,0,0,0,0,0,0,0,0,0,"0","0","0","0","0"
"863","tomlida01",1980,1,"CIN","NL",27,0,0,0,0,0,0,0,0,0,1,0,"0","0","0","0","0"
"864","torremi01",1980,1,"BOS","AL",36,0,0,0,0,0,0,0,0,0,0,0,"0","0","0","0","0"
"865","torreru01",1980,1,"KCA","AL",51,72,10,12,0,0,0,3,1,3,8,7,"0","0","0","0","1"
"866","tracyji01",1980,1,"CHN","NL",42,122,12,31,3,3,3,9,2,2,13,37,"1","0","2","0","1"
"867","trammal01",1980,1,"DET","AL",146,560,107,168,21,5,9,65,12,12,69,63,"2","3","13","7","10"
"868","travebi01",1980,1,"ML4","AL",29,0,0,0,0,0,0,0,0,0,0,0,"0","0","0","0","0"
"869","trevial01",1980,1,"NYN","NL",106,355,26,91,11,2,0,37,0,3,13,41,"1","1","2","5","11"
"870","trillma01",1980,1,"PHI","NL",141,531,68,155,25,9,7,43,8,3,32,46,"8","3","4","3","16"
"871","troutst01",1980,1,"CHA","AL",32,0,0,0,0,0,0,0,0,0,0,0,"0","0","0","0","0"
"872","tudorjo01",1980,1,"BOS","AL",16,0,0,0,0,0,0,0,0,0,0,0,"0","0","0","0","0"
"873","turneje01",1980,1,"SDN","NL",85,153,22,44,5,0,3,18,8,3,10,18,"4","2","1","2","1"
"874","twittje01",1980,1,"KCA","AL",13,0,0,0,0,0,0,0,0,0,0,0,"0","0","0","0","0"
"875","tysonmi01",1980,1,"CHN","NL",123,341,34,81,19,3,3,23,1,2,15,61,"3","2","4","1","5"
"876","ujdurje01",1980,1,"DET","AL",9,0,0,0,0,0,0,0,0,0,0,0,"0","0","0","0","0"
"877","underpa01",1980,1,"DET","AL",49,0,0,0,0,0,0,0,0,0,0,0,"0","0","0","0","0"
"878","underto01",1980,1,"NYA","AL",38,0,0,0,0,0,0,0,0,0,0,0,"0","0","0","0","0"
"879","unserde01",1980,1,"PHI","NL",96,110,15,29,6,4,0,10,0,1,10,21,"1","0","1","2","2"
"880","upshawi01",1980,1,"TOR","AL",34,61,10,13,3,1,1,5,1,0,6,14,"1","0","1","0","0"
"881","urreajo01",1980,1,"SLN","NL",30,13,0,3,0,0,0,0,0,0,0,4,"0","0","2","0","0"
"882","vailmi01",1980,1,"CHN","NL",114,312,30,93,17,2,6,47,2,5,14,77,"1","1","1","0","8"
"883","valdeju01",1980,1,"BOS","AL",8,19,4,5,1,0,1,4,2,0,0,5,"0","1","1","0","0"
"884","valenel01",1980,1,"MON","NL",86,311,40,98,22,2,13,67,5,5,25,44,"0","3","0","4","3"
"885","valenfe01",1980,1,"LAN","NL",10,1,0,0,0,0,0,0,0,0,0,1,"0","0","0","0","0"
"886","vegaje01",1980,1,"MIN","AL",12,30,3,5,0,0,0,4,1,0,3,7,"0","0","1","0","1"
"887","velezot01",1980,1,"TOR","AL",104,357,54,96,12,3,20,62,0,0,54,86,"8","2","0","4","8"
"888","venabma01",1980,1,"SFN","NL",64,138,13,37,5,0,0,10,8,2,15,22,"0","0","1","3","3"
"889","verhojo01",1980,1,"MIN","AL",44,0,0,0,0,0,0,0,0,0,0,0,"0","0","0","0","0"
"890","veryzto01",1980,1,"CLE","AL",109,358,28,97,12,0,2,28,0,5,10,25,"1","8","4","3","11"
"891","veselbo01",1980,1,"MIN","AL",1,0,0,0,0,0,0,0,0,0,0,0,"0","0","0","0","0"
"892","virgioz02",1980,1,"PHI","NL",1,5,1,1,1,0,0,0,0,0,0,1,"0","0","0","0","0"
"893","vuckope01",1980,1,"SLN","NL",32,71,4,13,6,0,0,7,1,0,1,13,"0","0","9","0","1"
"894","vukovge01",1980,1,"PHI","NL",78,58,6,13,1,1,0,8,0,0,6,9,"0","0","0","0","1"
"895","vukovjo01",1980,1,"PHI","NL",49,62,4,10,1,1,0,5,0,1,2,7,"1","1","0","1","2"
"896","wagnema01",1980,1,"DET","AL",45,72,5,17,1,0,0,3,0,1,7,11,"0","0","2","0","0"
"897","waitsri01",1980,1,"CLE","AL",33,0,0,0,0,0,0,0,0,0,0,0,"0","0","0","0","0"
"898","walkbo01",1980,1,"PHI","NL",27,50,5,7,1,0,0,2,0,0,4,20,"0","1","7","0","2"
"899","walkech01",1980,1,"BOS","AL",19,57,3,12,0,0,1,5,3,2,6,10,"1","1","1","1","1"
"900","wallati01",1980,1,"MON","NL",5,11,1,2,0,0,1,2,0,0,1,5,"0","0","0","0","0"
"901","wallety01",1980,1,"SLN","NL",5,12,3,1,0,0,0,0,0,0,1,5,"0","0","0","0","0"
"902","wallide01",1980,1,"HOU","NL",100,284,30,85,6,5,3,29,4,3,35,26,"4","0","0","2","2"
"903","waltoda01",1980,1,"TEX","AL",10,10,2,2,0,0,0,1,0,0,3,5,"0","0","0","0","0"
"904","waltore01",1980,1,"SEA","AL",31,83,8,23,6,0,2,9,2,2,3,10,"0","1","0","1","1"
"905","wardga01",1980,1,"MIN","AL",13,41,11,19,6,2,1,10,0,0,3,6,"1","0","1","1","0"
"906","washicl01",1980,1,"CHA","AL",32,90,15,26,4,2,1,12,4,2,5,19,"0","1","1","0","5"
"907","washicl01",1980,2,"NYN","NL",79,284,38,78,16,4,10,42,17,5,20,63,"5","1","0","1","5"
"908","washiul01",1980,1,"KCA","AL",153,549,79,150,16,11,6,53,20,7,53,78,"0","0","10","2","13"
"909","wathajo01",1980,1,"KCA","AL",126,453,57,138,14,7,6,58,17,3,50,42,"6","3","3","1","19"
"910","watsobo01",1980,1,"NYA","AL",130,469,62,144,25,3,13,68,2,1,48,56,"5","1","1","6","20"
"911","weavero01",1980,1,"DET","AL",19,0,0,0,0,0,0,0,0,0,0,0,"0","0","0","0","0"
"912","weissga01",1980,1,"LAN","NL",8,0,2,0,0,0,0,0,0,0,0,0,"0","0","0","0","0"
"913","welchbo01",1980,1,"LAN","NL",34,70,1,17,3,0,0,3,0,0,1,13,"0","0","5","0","0"
"914","wernedo01",1980,1,"CIN","NL",24,64,2,11,2,0,0,5,1,0,7,10,"0","1","0","1","2"
"915","werthde01",1980,1,"NYA","AL",39,65,15,20,3,0,3,12,0,1,12,19,"0","0","1","0","3"
"916","wheelga01",1980,1,"SEA","AL",1,0,0,0,0,0,0,0,0,0,0,0,"0","0","0","0","0"
"917","whitalo01",1980,1,"DET","AL",145,477,68,111,19,1,1,45,8,4,73,79,"0","0","12","6","9"
"918","whitefr01",1980,1,"KCA","AL",154,560,70,148,23,4,7,60,19,6,19,69,"0","2","9","4","11"
"919","whiteje01",1980,1,"MON","NL",110,214,22,56,9,3,7,23,8,7,30,37,"0","1","1","3","1"
"920","whitfte01",1980,1,"SFN","NL",118,321,38,95,16,2,4,26,4,2,20,44,"3","1","4","2","6"
"921","whitmda01",1980,1,"CAL","AL",48,87,8,21,3,0,0,7,1,0,4,21,"0","0","9","2","3"
"922","whitsed01",1980,1,"SFN","NL",34,66,2,6,0,0,0,4,0,0,1,21,"0","0","9","0","1"
"923","whitter01",1980,1,"TOR","AL",106,295,23,70,12,2,6,34,1,3,22,30,"0","0","5","3","11"
"924","wihtosa01",1980,1,"CLE","AL",17,0,0,0,0,0,0,0,0,0,0,0,"0","0","0","0","0"
"925","wilbote01",1980,1,"NYA","AL",8,8,2,2,0,0,0,1,0,0,0,1,"0","0","0","0","0"
"926","wilcomi01",1980,1,"DET","AL",33,0,0,0,0,0,0,0,0,0,0,0,"0","0","0","0","0"
"927","wilforo01",1980,1,"MIN","AL",131,416,55,103,16,5,8,45,10,6,34,61,"3","3","11","2","8"
"928","willial03",1980,1,"MIN","AL",18,0,0,0,0,0,0,0,0,0,0,0,"0","0","0","0","0"
"929","willimi01",1980,1,"TOR","AL",20,0,0,0,0,0,0,0,0,0,0,0,"0","0","0","0","0"
"930","willsbu01",1980,1,"TEX","AL",146,578,102,152,31,5,5,58,34,9,51,71,"1","3","15","8","8"
"931","wilsomo01",1980,1,"NYN","NL",27,105,16,26,5,3,0,4,7,7,12,19,"0","0","2","0","0"
"932","wilsowi02",1980,1,"KCA","AL",161,705,133,230,28,15,3,49,79,10,28,81,"3","6","5","1","4"
"933","winfida01",1980,1,"SDN","NL",162,558,89,154,25,6,20,87,23,7,79,83,"14","2","0","4","13"
"934","wirthal01",1980,1,"OAK","AL",2,0,0,0,0,0,0,0,0,0,0,0,"0","0","0","0","0"
"935","wiseri01",1980,1,"SDN","NL",28,58,1,8,2,0,0,4,0,0,2,21,"0","0","2","0","0"
"936","wockejo01",1980,1,"DET","AL",126,372,56,102,13,2,16,65,1,4,68,64,"4","3","0","1","7"
"937","wohlfji01",1980,1,"SFN","NL",91,193,17,54,6,4,1,24,1,4,13,23,"0","1","0","3","3"
"938","wolfela01",1980,1,"BOS","AL",18,23,3,3,1,0,1,4,0,0,0,5,"0","0","0","1","1"
"939","woodsal01",1980,1,"TOR","AL",109,373,54,112,18,2,15,47,4,4,37,35,"3","1","5","1","4"
"940","woodsga01",1980,1,"HOU","NL",19,53,8,20,5,0,2,15,1,0,2,9,"0","0","0","0","1"
"941","worthri01",1980,1,"CHA","AL",41,0,0,0,0,0,0,0,0,0,0,0,"0","0","0","0","0"
"942","wynegbu01",1980,1,"MIN","AL",146,486,61,124,18,3,5,57,3,1,63,36,"6","2","7","6","9"
"943","yastrca01",1980,1,"BOS","AL",105,364,49,100,21,1,15,50,0,2,44,38,"5","0","1","3","9"
"944","yeagest01",1980,1,"LAN","NL",96,227,20,48,8,0,2,20,2,3,20,54,"6","0","0","1","7"
"945","yostne01",1980,1,"ML4","AL",15,31,0,5,0,0,0,0,0,0,0,6,"0","0","0","0","1"
"946","youngjo02",1980,1,"NYN","NL",146,514,58,142,26,2,8,69,14,11,52,69,"10","2","0","9","10"
"947","yountro01",1980,1,"ML4","AL",143,611,121,179,49,10,23,87,20,5,26,67,"1","1","6","3","8"
"948","zachrpa01",1980,1,"NYN","NL",28,46,0,2,0,0,0,1,0,0,2,21,"0","0","5","1","3"
"949","zahnge01",1980,1,"MIN","AL",38,0,0,0,0,0,0,0,0,0,0,0,"0","0","0","0","0"
"950","ziskri01",1980,1,"TEX","AL",135,448,48,130,17,1,19,77,0,2,39,72,"5","0","1","4","18"
